Year,m,d,Time,Time zone,Wind speed (m/s)
2021,1,1,00:00,UTC,4.4
2021,1,1,00:10,UTC,4.4
2021,1,1,00:20,UTC,4.4
2021,1,1,00:30,UTC,4.8
2021,1,1,00:40,UTC,5
2021,1,1,00:50,UTC,5
2021,1,1,01:00,UTC,4.7
2021,1,1,01:10,UTC,5.1
2021,1,1,01:20,UTC,5.1
2021,1,1,01:30,UTC,5.1
2021,1,1,01:40,UTC,4.7
2021,1,1,01:50,UTC,4.7
2021,1,1,02:00,UTC,4.4
2021,1,1,02:10,UTC,4.1
2021,1,1,02:20,UTC,4.1
2021,1,1,02:30,UTC,4.1
2021,1,1,02:40,UTC,4.3
2021,1,1,02:50,UTC,4.2
2021,1,1,03:00,UTC,4.5
2021,1,1,03:10,UTC,4.3
2021,1,1,03:20,UTC,4
2021,1,1,03:30,UTC,3.9
2021,1,1,03:40,UTC,4
2021,1,1,03:50,UTC,4.1
2021,1,1,04:00,UTC,4.1
2021,1,1,04:10,UTC,4.2
2021,1,1,04:20,UTC,4.2
2021,1,1,04:30,UTC,4.3
2021,1,1,04:40,UTC,4
2021,1,1,04:50,UTC,4
2021,1,1,05:00,UTC,3.8
2021,1,1,05:10,UTC,4
2021,1,1,05:20,UTC,4.2
2021,1,1,05:30,UTC,3.7
2021,1,1,05:40,UTC,3.4
2021,1,1,05:50,UTC,2.2
2021,1,1,06:00,UTC,1.2
2021,1,1,06:10,UTC,0
2021,1,1,06:20,UTC,1.1
2021,1,1,06:30,UTC,1.3
2021,1,1,06:40,UTC,2.3
2021,1,1,06:50,UTC,1.6
2021,1,1,07:00,UTC,2.4
2021,1,1,07:10,UTC,3.2
2021,1,1,07:20,UTC,4
2021,1,1,07:30,UTC,4.2
2021,1,1,07:40,UTC,3.8
2021,1,1,07:50,UTC,3.9
2021,1,1,08:00,UTC,3.7
2021,1,1,08:10,UTC,4.4
2021,1,1,08:20,UTC,5.3
2021,1,1,08:30,UTC,4.9
2021,1,1,08:40,UTC,4.6
2021,1,1,08:50,UTC,4.1
2021,1,1,09:00,UTC,4.5
2021,1,1,09:10,UTC,4.8
2021,1,1,09:20,UTC,4.8
2021,1,1,09:30,UTC,4.8
2021,1,1,09:40,UTC,4.1
2021,1,1,09:50,UTC,3.7
2021,1,1,10:00,UTC,4
2021,1,1,10:10,UTC,3.8
2021,1,1,10:20,UTC,3.6
2021,1,1,10:30,UTC,3.6
2021,1,1,10:40,UTC,3
2021,1,1,10:50,UTC,3.3
2021,1,1,11:00,UTC,4.5
2021,1,1,11:10,UTC,5.1
2021,1,1,11:20,UTC,4.9
2021,1,1,11:30,UTC,4.8
2021,1,1,11:40,UTC,4.1
2021,1,1,11:50,UTC,3.6
2021,1,1,12:00,UTC,4.1
2021,1,1,12:10,UTC,4.1
2021,1,1,12:20,UTC,3.9
2021,1,1,12:30,UTC,4.1
2021,1,1,12:40,UTC,4.3
2021,1,1,12:50,UTC,4.6
2021,1,1,13:00,UTC,4
2021,1,1,13:10,UTC,3.5
2021,1,1,13:20,UTC,3.8
2021,1,1,13:30,UTC,3.5
2021,1,1,13:40,UTC,3.9
2021,1,1,13:50,UTC,3.8
2021,1,1,14:00,UTC,4.3
2021,1,1,14:10,UTC,4.3
2021,1,1,14:20,UTC,4.4
2021,1,1,14:30,UTC,4.5
2021,1,1,14:40,UTC,4.4
2021,1,1,14:50,UTC,4.3
2021,1,1,15:00,UTC,4.9
2021,1,1,15:10,UTC,4.6
2021,1,1,15:20,UTC,5
2021,1,1,15:30,UTC,4.9
2021,1,1,15:40,UTC,4.8
2021,1,1,15:50,UTC,4.8
2021,1,1,16:00,UTC,5.2
2021,1,1,16:10,UTC,5
2021,1,1,16:20,UTC,4.9
2021,1,1,16:30,UTC,4.9
2021,1,1,16:40,UTC,4.6
2021,1,1,16:50,UTC,4.7
2021,1,1,17:00,UTC,4.9
2021,1,1,17:10,UTC,4.8
2021,1,1,17:20,UTC,4.8
2021,1,1,17:30,UTC,4.8
2021,1,1,17:40,UTC,4.6
2021,1,1,17:50,UTC,4.1
2021,1,1,18:00,UTC,4.3
2021,1,1,18:10,UTC,5
2021,1,1,18:20,UTC,4.6
2021,1,1,18:30,UTC,5.5
2021,1,1,18:40,UTC,6.7
2021,1,1,18:50,UTC,6.5
2021,1,1,19:00,UTC,6.2
2021,1,1,19:10,UTC,5.6
2021,1,1,19:20,UTC,5
2021,1,1,19:30,UTC,5.3
2021,1,1,19:40,UTC,5
2021,1,1,19:50,UTC,4.7
2021,1,1,20:00,UTC,4.6
2021,1,1,20:10,UTC,4.4
2021,1,1,20:20,UTC,4.7
2021,1,1,20:30,UTC,5
2021,1,1,20:40,UTC,4.9
2021,1,1,20:50,UTC,4.3
2021,1,1,21:00,UTC,4.1
2021,1,1,21:10,UTC,4.4
2021,1,1,21:20,UTC,4.6
2021,1,1,21:30,UTC,4.6
2021,1,1,21:40,UTC,4.7
2021,1,1,21:50,UTC,4.5
2021,1,1,22:00,UTC,4.1
2021,1,1,22:10,UTC,4.3
2021,1,1,22:20,UTC,3.8
2021,1,1,22:30,UTC,3.5
2021,1,1,22:40,UTC,3
2021,1,1,22:50,UTC,3.5
2021,1,1,23:00,UTC,3.8
2021,1,1,23:10,UTC,3.6
2021,1,1,23:20,UTC,3.8
2021,1,1,23:30,UTC,3.7
2021,1,1,23:40,UTC,4
2021,1,1,23:50,UTC,4.2
2021,1,2,00:00,UTC,4.3
2021,1,2,00:10,UTC,4.5
2021,1,2,00:20,UTC,4.6
2021,1,2,00:30,UTC,4.1
2021,1,2,00:40,UTC,4.3
2021,1,2,00:50,UTC,4
2021,1,2,01:00,UTC,4.2
2021,1,2,01:10,UTC,3.9
2021,1,2,01:20,UTC,3.9
2021,1,2,01:30,UTC,3.8
2021,1,2,01:40,UTC,4.1
2021,1,2,01:50,UTC,4.3
2021,1,2,02:00,UTC,4.6
2021,1,2,02:10,UTC,4.2
2021,1,2,02:20,UTC,4.2
2021,1,2,02:30,UTC,4
2021,1,2,02:40,UTC,4
2021,1,2,02:50,UTC,3.8
2021,1,2,03:00,UTC,3.6
2021,1,2,03:10,UTC,3.3
2021,1,2,03:20,UTC,3.5
2021,1,2,03:30,UTC,3.1
2021,1,2,03:40,UTC,2.8
2021,1,2,03:50,UTC,2.3
2021,1,2,04:00,UTC,1.9
2021,1,2,04:10,UTC,1.7
2021,1,2,04:20,UTC,1.6
2021,1,2,04:30,UTC,1.5
2021,1,2,04:40,UTC,1.4
2021,1,2,04:50,UTC,3
2021,1,2,05:00,UTC,2.9
2021,1,2,05:10,UTC,2.5
2021,1,2,05:20,UTC,3.2
2021,1,2,05:30,UTC,3.1
2021,1,2,05:40,UTC,3.6
2021,1,2,05:50,UTC,3.7
2021,1,2,06:00,UTC,3.6
2021,1,2,06:10,UTC,2.6
2021,1,2,06:20,UTC,2.2
2021,1,2,06:30,UTC,2.5
2021,1,2,06:40,UTC,2.1
2021,1,2,06:50,UTC,1.9
2021,1,2,07:00,UTC,1.8
2021,1,2,07:10,UTC,1.8
2021,1,2,07:20,UTC,1.8
2021,1,2,07:30,UTC,1.8
2021,1,2,07:40,UTC,1.4
2021,1,2,07:50,UTC,2
2021,1,2,08:00,UTC,2.5
2021,1,2,08:10,UTC,2.3
2021,1,2,08:20,UTC,1.7
2021,1,2,08:30,UTC,1.2
2021,1,2,08:40,UTC,2
2021,1,2,08:50,UTC,1.9
2021,1,2,09:00,UTC,2.1
2021,1,2,09:10,UTC,2
2021,1,2,09:20,UTC,1.6
2021,1,2,09:30,UTC,2.5
2021,1,2,09:40,UTC,3.1
2021,1,2,09:50,UTC,3.2
2021,1,2,10:00,UTC,2.9
2021,1,2,10:10,UTC,3.5
2021,1,2,10:20,UTC,4.6
2021,1,2,10:30,UTC,4.7
2021,1,2,10:40,UTC,4.6
2021,1,2,10:50,UTC,3.7
2021,1,2,11:00,UTC,3.3
2021,1,2,11:10,UTC,3.4
2021,1,2,11:20,UTC,3.3
2021,1,2,11:30,UTC,3.6
2021,1,2,11:40,UTC,4.5
2021,1,2,11:50,UTC,4
2021,1,2,12:00,UTC,4.2
2021,1,2,12:10,UTC,5.4
2021,1,2,12:20,UTC,6.8
2021,1,2,12:30,UTC,7.8
2021,1,2,12:40,UTC,7.9
2021,1,2,12:50,UTC,8.1
2021,1,2,13:00,UTC,7.8
2021,1,2,13:10,UTC,7.7
2021,1,2,13:20,UTC,8.4
2021,1,2,13:30,UTC,8.4
2021,1,2,13:40,UTC,8.3
2021,1,2,13:50,UTC,7.3
2021,1,2,14:00,UTC,6.8
2021,1,2,14:10,UTC,5.9
2021,1,2,14:20,UTC,5.7
2021,1,2,14:30,UTC,6.2
2021,1,2,14:40,UTC,5.8
2021,1,2,14:50,UTC,5.6
2021,1,2,15:00,UTC,6.8
2021,1,2,15:10,UTC,7.9
2021,1,2,15:20,UTC,8.3
2021,1,2,15:30,UTC,8.3
2021,1,2,15:40,UTC,8.1
2021,1,2,15:50,UTC,8.4
2021,1,2,16:00,UTC,8
2021,1,2,16:10,UTC,8
2021,1,2,16:20,UTC,9.2
2021,1,2,16:30,UTC,8.2
2021,1,2,16:40,UTC,8.2
2021,1,2,16:50,UTC,8.4
2021,1,2,17:00,UTC,7.5
2021,1,2,17:10,UTC,7.6
2021,1,2,17:20,UTC,8.7
2021,1,2,17:30,UTC,8.8
2021,1,2,17:40,UTC,9
2021,1,2,17:50,UTC,9.1
2021,1,2,18:00,UTC,8.7
2021,1,2,18:10,UTC,8.7
2021,1,2,18:20,UTC,8.5
2021,1,2,18:30,UTC,9.3
2021,1,2,18:40,UTC,10.1
2021,1,2,18:50,UTC,10.6
2021,1,2,19:00,UTC,9.8
2021,1,2,19:10,UTC,9.7
2021,1,2,19:20,UTC,9.9
2021,1,2,19:30,UTC,8.9
2021,1,2,19:40,UTC,10.3
2021,1,2,19:50,UTC,10.1
2021,1,2,20:00,UTC,10.1
2021,1,2,20:10,UTC,10.5
2021,1,2,20:20,UTC,10.2
2021,1,2,20:30,UTC,10.1
2021,1,2,20:40,UTC,9.7
2021,1,2,20:50,UTC,10.1
2021,1,2,21:00,UTC,10.6
2021,1,2,21:10,UTC,10.8
2021,1,2,21:20,UTC,10.1
2021,1,2,21:30,UTC,9.4
2021,1,2,21:40,UTC,9.2
2021,1,2,21:50,UTC,9.2
2021,1,2,22:00,UTC,9.7
2021,1,2,22:10,UTC,9.5
2021,1,2,22:20,UTC,9.7
2021,1,2,22:30,UTC,9.4
2021,1,2,22:40,UTC,9.1
2021,1,2,22:50,UTC,9.7
2021,1,2,23:00,UTC,9.3
2021,1,2,23:10,UTC,9.2
2021,1,2,23:20,UTC,9.3
2021,1,2,23:30,UTC,9.4
2021,1,2,23:40,UTC,9.3
2021,1,2,23:50,UTC,9.4
2021,1,3,00:00,UTC,9.9
2021,1,3,00:10,UTC,10
2021,1,3,00:20,UTC,9.7
2021,1,3,00:30,UTC,9.2
2021,1,3,00:40,UTC,9.1
2021,1,3,00:50,UTC,9.3
2021,1,3,01:00,UTC,9.7
2021,1,3,01:10,UTC,9.4
2021,1,3,01:20,UTC,10.2
2021,1,3,01:30,UTC,9.4
2021,1,3,01:40,UTC,9.6
2021,1,3,01:50,UTC,9.8
2021,1,3,02:00,UTC,9.9
2021,1,3,02:10,UTC,10.9
2021,1,3,02:20,UTC,9.5
2021,1,3,02:30,UTC,9
2021,1,3,02:40,UTC,10.1
2021,1,3,02:50,UTC,10.1
2021,1,3,03:00,UTC,10.2
2021,1,3,03:10,UTC,9.9
2021,1,3,03:20,UTC,10.4
2021,1,3,03:30,UTC,8.9
2021,1,3,03:40,UTC,9.6
2021,1,3,03:50,UTC,8.8
2021,1,3,04:00,UTC,8.3
2021,1,3,04:10,UTC,9.1
2021,1,3,04:20,UTC,8.6
2021,1,3,04:30,UTC,7.3
2021,1,3,04:40,UTC,7.9
2021,1,3,04:50,UTC,9
2021,1,3,05:00,UTC,9
2021,1,3,05:10,UTC,10.3
2021,1,3,05:20,UTC,9.5
2021,1,3,05:30,UTC,10.4
2021,1,3,05:40,UTC,9.5
2021,1,3,05:50,UTC,9.4
2021,1,3,06:00,UTC,9.3
2021,1,3,06:10,UTC,9.4
2021,1,3,06:20,UTC,9.7
2021,1,3,06:30,UTC,10.1
2021,1,3,06:40,UTC,11.5
2021,1,3,06:50,UTC,9.7
2021,1,3,07:00,UTC,9.3
2021,1,3,07:10,UTC,9.6
2021,1,3,07:20,UTC,10.6
2021,1,3,07:30,UTC,10.7
2021,1,3,07:40,UTC,9.2
2021,1,3,07:50,UTC,9.8
2021,1,3,08:00,UTC,10.2
2021,1,3,08:10,UTC,9.9
2021,1,3,08:20,UTC,10
2021,1,3,08:30,UTC,9.8
2021,1,3,08:40,UTC,10.5
2021,1,3,08:50,UTC,10.7
2021,1,3,09:00,UTC,10.4
2021,1,3,09:10,UTC,10.2
2021,1,3,09:20,UTC,10.9
2021,1,3,09:30,UTC,9.5
2021,1,3,09:40,UTC,9.4
2021,1,3,09:50,UTC,9.5
2021,1,3,10:00,UTC,9.9
2021,1,3,10:10,UTC,9.1
2021,1,3,10:20,UTC,9
2021,1,3,10:30,UTC,8.4
2021,1,3,10:40,UTC,9.4
2021,1,3,10:50,UTC,9
2021,1,3,11:00,UTC,8.6
2021,1,3,11:10,UTC,8.7
2021,1,3,11:20,UTC,8.4
2021,1,3,11:30,UTC,8.3
2021,1,3,11:40,UTC,8.8
2021,1,3,11:50,UTC,9
2021,1,3,12:00,UTC,8.6
2021,1,3,12:10,UTC,8.9
2021,1,3,12:20,UTC,8.9
2021,1,3,12:30,UTC,9
2021,1,3,12:40,UTC,8.7
2021,1,3,12:50,UTC,9.1
2021,1,3,13:00,UTC,9.3
2021,1,3,13:10,UTC,9.3
2021,1,3,13:20,UTC,8.5
2021,1,3,13:30,UTC,9.3
2021,1,3,13:40,UTC,8.2
2021,1,3,13:50,UTC,8.3
2021,1,3,14:00,UTC,8.5
2021,1,3,14:10,UTC,8.7
2021,1,3,14:20,UTC,8.5
2021,1,3,14:30,UTC,8.8
2021,1,3,14:40,UTC,8.4
2021,1,3,14:50,UTC,8.8
2021,1,3,15:00,UTC,8.4
2021,1,3,15:10,UTC,9
2021,1,3,15:20,UTC,8.6
2021,1,3,15:30,UTC,8.8
2021,1,3,15:40,UTC,9.1
2021,1,3,15:50,UTC,10.3
2021,1,3,16:00,UTC,9.4
2021,1,3,16:10,UTC,10.2
2021,1,3,16:20,UTC,9.7
2021,1,3,16:30,UTC,9.8
2021,1,3,16:40,UTC,9.5
2021,1,3,16:50,UTC,9.9
2021,1,3,17:00,UTC,9.5
2021,1,3,17:10,UTC,9
2021,1,3,17:20,UTC,9.6
2021,1,3,17:30,UTC,9.1
2021,1,3,17:40,UTC,9.6
2021,1,3,17:50,UTC,8.7
2021,1,3,18:00,UTC,9.4
2021,1,3,18:10,UTC,9.7
2021,1,3,18:20,UTC,9.2
2021,1,3,18:30,UTC,9.8
2021,1,3,18:40,UTC,10
2021,1,3,18:50,UTC,9.9
2021,1,3,19:00,UTC,9.4
2021,1,3,19:10,UTC,9.4
2021,1,3,19:20,UTC,9.8
2021,1,3,19:30,UTC,9
2021,1,3,19:40,UTC,9.1
2021,1,3,19:50,UTC,8.8
2021,1,3,20:00,UTC,8.2
2021,1,3,20:10,UTC,8.2
2021,1,3,20:20,UTC,7.5
2021,1,3,20:30,UTC,7.7
2021,1,3,20:40,UTC,7.4
2021,1,3,20:50,UTC,7.5
2021,1,3,21:00,UTC,8.1
2021,1,3,21:10,UTC,7.7
2021,1,3,21:20,UTC,7.8
2021,1,3,21:30,UTC,7.8
2021,1,3,21:40,UTC,7.1
2021,1,3,21:50,UTC,7.6
2021,1,3,22:00,UTC,8
2021,1,3,22:10,UTC,7.6
2021,1,3,22:20,UTC,7.4
2021,1,3,22:30,UTC,7.7
2021,1,3,22:40,UTC,7.2
2021,1,3,22:50,UTC,7.3
2021,1,3,23:00,UTC,6.8
2021,1,3,23:10,UTC,7.1
2021,1,3,23:20,UTC,7.5
2021,1,3,23:30,UTC,7
2021,1,3,23:40,UTC,7.6
2021,1,3,23:50,UTC,7.8
2021,1,4,00:00,UTC,8.3
2021,1,4,00:10,UTC,8.8
2021,1,4,00:20,UTC,8.2
2021,1,4,00:30,UTC,7.9
2021,1,4,00:40,UTC,7.6
2021,1,4,00:50,UTC,7.6
2021,1,4,01:00,UTC,8.4
2021,1,4,01:10,UTC,8.3
2021,1,4,01:20,UTC,8
2021,1,4,01:30,UTC,8
2021,1,4,01:40,UTC,7.8
2021,1,4,01:50,UTC,7.6
2021,1,4,02:00,UTC,6.9
2021,1,4,02:10,UTC,7.1
2021,1,4,02:20,UTC,6.9
2021,1,4,02:30,UTC,6.9
2021,1,4,02:40,UTC,6.8
2021,1,4,02:50,UTC,7
2021,1,4,03:00,UTC,6.9
2021,1,4,03:10,UTC,6.3
2021,1,4,03:20,UTC,6.3
2021,1,4,03:30,UTC,6.8
2021,1,4,03:40,UTC,6.4
2021,1,4,03:50,UTC,6.2
2021,1,4,04:00,UTC,6.4
2021,1,4,04:10,UTC,6.3
2021,1,4,04:20,UTC,5.9
2021,1,4,04:30,UTC,5.5
2021,1,4,04:40,UTC,5.5
2021,1,4,04:50,UTC,6.3
2021,1,4,05:00,UTC,5.8
2021,1,4,05:10,UTC,6.3
2021,1,4,05:20,UTC,6.3
2021,1,4,05:30,UTC,6.3
2021,1,4,05:40,UTC,6.3
2021,1,4,05:50,UTC,6.7
2021,1,4,06:00,UTC,6.5
2021,1,4,06:10,UTC,6
2021,1,4,06:20,UTC,6.1
2021,1,4,06:30,UTC,6
2021,1,4,06:40,UTC,6.1
2021,1,4,06:50,UTC,6.3
2021,1,4,07:00,UTC,6.4
2021,1,4,07:10,UTC,6.5
2021,1,4,07:20,UTC,6.2
2021,1,4,07:30,UTC,6.2
2021,1,4,07:40,UTC,5.9
2021,1,4,07:50,UTC,5.8
2021,1,4,08:00,UTC,5.8
2021,1,4,08:10,UTC,5.6
2021,1,4,08:20,UTC,5.6
2021,1,4,08:30,UTC,5.5
2021,1,4,08:40,UTC,5.2
2021,1,4,08:50,UTC,5
2021,1,4,09:00,UTC,4.9
2021,1,4,09:10,UTC,4.5
2021,1,4,09:20,UTC,4.6
2021,1,4,09:30,UTC,4.5
2021,1,4,09:40,UTC,4.5
2021,1,4,09:50,UTC,4.3
2021,1,4,10:00,UTC,4.8
2021,1,4,10:10,UTC,4.9
2021,1,4,10:20,UTC,4.7
2021,1,4,10:30,UTC,5
2021,1,4,10:40,UTC,4.5
2021,1,4,10:50,UTC,4.8
2021,1,4,11:00,UTC,4.5
2021,1,4,11:10,UTC,4.2
2021,1,4,11:20,UTC,4.4
2021,1,4,11:30,UTC,4.2
2021,1,4,11:40,UTC,4.4
2021,1,4,11:50,UTC,4.3
2021,1,4,12:00,UTC,4.3
2021,1,4,12:10,UTC,4.5
2021,1,4,12:20,UTC,4.5
2021,1,4,12:30,UTC,4.3
2021,1,4,12:40,UTC,4.4
2021,1,4,12:50,UTC,4.3
2021,1,4,13:00,UTC,4.6
2021,1,4,13:10,UTC,4.5
2021,1,4,13:20,UTC,4.3
2021,1,4,13:30,UTC,4.7
2021,1,4,13:40,UTC,5.2
2021,1,4,13:50,UTC,5.1
2021,1,4,14:00,UTC,4.7
2021,1,4,14:10,UTC,4.5
2021,1,4,14:20,UTC,4.4
2021,1,4,14:30,UTC,4.7
2021,1,4,14:40,UTC,5.1
2021,1,4,14:50,UTC,5.4
2021,1,4,15:00,UTC,5.7
2021,1,4,15:10,UTC,5.6
2021,1,4,15:20,UTC,5.9
2021,1,4,15:30,UTC,6.2
2021,1,4,15:40,UTC,5.8
2021,1,4,15:50,UTC,6
2021,1,4,16:00,UTC,6
2021,1,4,16:10,UTC,6
2021,1,4,16:20,UTC,5.7
2021,1,4,16:30,UTC,5.5
2021,1,4,16:40,UTC,5.3
2021,1,4,16:50,UTC,5.2
2021,1,4,17:00,UTC,5.1
2021,1,4,17:10,UTC,5.3
2021,1,4,17:20,UTC,5.7
2021,1,4,17:30,UTC,5.3
2021,1,4,17:40,UTC,5.3
2021,1,4,17:50,UTC,5.4
2021,1,4,18:00,UTC,5.8
2021,1,4,18:10,UTC,5.7
2021,1,4,18:20,UTC,5.6
2021,1,4,18:30,UTC,5.5
2021,1,4,18:40,UTC,5.8
2021,1,4,18:50,UTC,5.9
2021,1,4,19:00,UTC,6.3
2021,1,4,19:10,UTC,5.8
2021,1,4,19:20,UTC,5.6
2021,1,4,19:30,UTC,5.5
2021,1,4,19:40,UTC,5.5
2021,1,4,19:50,UTC,5.9
2021,1,4,20:00,UTC,5.3
2021,1,4,20:10,UTC,4.5
2021,1,4,20:20,UTC,5.4
2021,1,4,20:30,UTC,5.3
2021,1,4,20:40,UTC,5.3
2021,1,4,20:50,UTC,5.2
2021,1,4,21:00,UTC,5.2
2021,1,4,21:10,UTC,5.2
2021,1,4,21:20,UTC,4.6
2021,1,4,21:30,UTC,4.7
2021,1,4,21:40,UTC,4
2021,1,4,21:50,UTC,4.4
2021,1,4,22:00,UTC,4.4
2021,1,4,22:10,UTC,4
2021,1,4,22:20,UTC,4
2021,1,4,22:30,UTC,3.6
2021,1,4,22:40,UTC,3.6
2021,1,4,22:50,UTC,3.5
2021,1,4,23:00,UTC,3.6
2021,1,4,23:10,UTC,3.8
2021,1,4,23:20,UTC,4
2021,1,4,23:30,UTC,3.7
2021,1,4,23:40,UTC,4
2021,1,4,23:50,UTC,4
2021,1,5,00:00,UTC,3.7
2021,1,5,00:10,UTC,4.2
2021,1,5,00:20,UTC,4.2
2021,1,5,00:30,UTC,4.5
2021,1,5,00:40,UTC,3.9
2021,1,5,00:50,UTC,4.8
2021,1,5,01:00,UTC,4.5
2021,1,5,01:10,UTC,4.5
2021,1,5,01:20,UTC,4.4
2021,1,5,01:30,UTC,4
2021,1,5,01:40,UTC,4.1
2021,1,5,01:50,UTC,4
2021,1,5,02:00,UTC,4.2
2021,1,5,02:10,UTC,4.2
2021,1,5,02:20,UTC,4.5
2021,1,5,02:30,UTC,4.9
2021,1,5,02:40,UTC,4.8
2021,1,5,02:50,UTC,5
2021,1,5,03:00,UTC,5
2021,1,5,03:10,UTC,4.7
2021,1,5,03:20,UTC,4.9
2021,1,5,03:30,UTC,4
2021,1,5,03:40,UTC,4.1
2021,1,5,03:50,UTC,4.3
2021,1,5,04:00,UTC,4.3
2021,1,5,04:10,UTC,4.6
2021,1,5,04:20,UTC,4.3
2021,1,5,04:30,UTC,4.2
2021,1,5,04:40,UTC,4
2021,1,5,04:50,UTC,3.8
2021,1,5,05:00,UTC,4.2
2021,1,5,05:10,UTC,4.2
2021,1,5,05:20,UTC,4.3
2021,1,5,05:30,UTC,4.2
2021,1,5,05:40,UTC,4.5
2021,1,5,05:50,UTC,3.6
2021,1,5,06:00,UTC,3.5
2021,1,5,06:10,UTC,3.5
2021,1,5,06:20,UTC,3.5
2021,1,5,06:30,UTC,4.3
2021,1,5,06:40,UTC,4.3
2021,1,5,06:50,UTC,4
2021,1,5,07:00,UTC,4
2021,1,5,07:10,UTC,3.9
2021,1,5,07:20,UTC,3.7
2021,1,5,07:30,UTC,3.4
2021,1,5,07:40,UTC,3.8
2021,1,5,07:50,UTC,3.3
2021,1,5,08:00,UTC,3.5
2021,1,5,08:10,UTC,3.4
2021,1,5,08:20,UTC,3.4
2021,1,5,08:30,UTC,3.7
2021,1,5,08:40,UTC,3.4
2021,1,5,08:50,UTC,3.4
2021,1,5,09:00,UTC,3.5
2021,1,5,09:10,UTC,3.1
2021,1,5,09:20,UTC,2.9
2021,1,5,09:30,UTC,3.6
2021,1,5,09:40,UTC,3.1
2021,1,5,09:50,UTC,2.9
2021,1,5,10:00,UTC,3
2021,1,5,10:10,UTC,3
2021,1,5,10:20,UTC,2.9
2021,1,5,10:30,UTC,2.6
2021,1,5,10:40,UTC,2.9
2021,1,5,10:50,UTC,3.2
2021,1,5,11:00,UTC,2.8
2021,1,5,11:10,UTC,2.5
2021,1,5,11:20,UTC,2.5
2021,1,5,11:30,UTC,2
2021,1,5,11:40,UTC,1.9
2021,1,5,11:50,UTC,2.5
2021,1,5,12:00,UTC,2.6
2021,1,5,12:10,UTC,2.2
2021,1,5,12:20,UTC,2.7
2021,1,5,12:30,UTC,2.9
2021,1,5,12:40,UTC,2.9
2021,1,5,12:50,UTC,3.3
2021,1,5,13:00,UTC,3.2
2021,1,5,13:10,UTC,3.2
2021,1,5,13:20,UTC,3.2
2021,1,5,13:30,UTC,3.1
2021,1,5,13:40,UTC,2.7
2021,1,5,13:50,UTC,2.6
2021,1,5,14:00,UTC,3.1
2021,1,5,14:10,UTC,3.3
2021,1,5,14:20,UTC,3.2
2021,1,5,14:30,UTC,3.5
2021,1,5,14:40,UTC,2.9
2021,1,5,14:50,UTC,3.4
2021,1,5,15:00,UTC,3.5
2021,1,5,15:10,UTC,3.6
2021,1,5,15:20,UTC,4
2021,1,5,15:30,UTC,3.7
2021,1,5,15:40,UTC,3.6
2021,1,5,15:50,UTC,4
2021,1,5,16:00,UTC,4
2021,1,5,16:10,UTC,3.5
2021,1,5,16:20,UTC,3.7
2021,1,5,16:30,UTC,3.7
2021,1,5,16:40,UTC,3.5
2021,1,5,16:50,UTC,4
2021,1,5,17:00,UTC,3.5
2021,1,5,17:10,UTC,4.2
2021,1,5,17:20,UTC,4.1
2021,1,5,17:30,UTC,4.2
2021,1,5,17:40,UTC,3.5
2021,1,5,17:50,UTC,3.6
2021,1,5,18:00,UTC,4.2
2021,1,5,18:10,UTC,3.9
2021,1,5,18:20,UTC,3.6
2021,1,5,18:30,UTC,3.8
2021,1,5,18:40,UTC,3.8
2021,1,5,18:50,UTC,4.3
2021,1,5,19:00,UTC,3.6
2021,1,5,19:10,UTC,3.9
2021,1,5,19:20,UTC,4.1
2021,1,5,19:30,UTC,3.9
2021,1,5,19:40,UTC,4.2
2021,1,5,19:50,UTC,3.8
2021,1,5,20:00,UTC,4.2
2021,1,5,20:10,UTC,3.8
2021,1,5,20:20,UTC,3.8
2021,1,5,20:30,UTC,4.2
2021,1,5,20:40,UTC,3.2
2021,1,5,20:50,UTC,3.2
2021,1,5,21:00,UTC,3.6
2021,1,5,21:10,UTC,3.6
2021,1,5,21:20,UTC,3.6
2021,1,5,21:30,UTC,3.4
2021,1,5,21:40,UTC,3.2
2021,1,5,21:50,UTC,3.2
2021,1,5,22:00,UTC,2.5
2021,1,5,22:10,UTC,3.4
2021,1,5,22:20,UTC,3
2021,1,5,22:30,UTC,2.8
2021,1,5,22:40,UTC,2.8
2021,1,5,22:50,UTC,2.9
2021,1,5,23:00,UTC,3.4
2021,1,5,23:10,UTC,2.3
2021,1,5,23:20,UTC,3
2021,1,5,23:30,UTC,2.8
2021,1,5,23:40,UTC,2.8
2021,1,5,23:50,UTC,3.8
2021,1,6,00:00,UTC,3.4
2021,1,6,00:10,UTC,3.5
2021,1,6,00:20,UTC,3.2
2021,1,6,00:30,UTC,3.4
2021,1,6,00:40,UTC,3.3
2021,1,6,00:50,UTC,3.5
2021,1,6,01:00,UTC,3.3
2021,1,6,01:10,UTC,3.7
2021,1,6,01:20,UTC,3.9
2021,1,6,01:30,UTC,3.6
2021,1,6,01:40,UTC,3.3
2021,1,6,01:50,UTC,3.9
2021,1,6,02:00,UTC,3.5
2021,1,6,02:10,UTC,3.5
2021,1,6,02:20,UTC,3.4
2021,1,6,02:30,UTC,3.1
2021,1,6,02:40,UTC,3.3
2021,1,6,02:50,UTC,2.9
2021,1,6,03:00,UTC,2.7
2021,1,6,03:10,UTC,3.7
2021,1,6,03:20,UTC,2.9
2021,1,6,03:30,UTC,3.9
2021,1,6,03:40,UTC,3.4
2021,1,6,03:50,UTC,3.9
2021,1,6,04:00,UTC,3.7
2021,1,6,04:10,UTC,4
2021,1,6,04:20,UTC,4.6
2021,1,6,04:30,UTC,4.7
2021,1,6,04:40,UTC,4.8
2021,1,6,04:50,UTC,4.6
2021,1,6,05:00,UTC,4.8
2021,1,6,05:10,UTC,4.8
2021,1,6,05:20,UTC,4.9
2021,1,6,05:30,UTC,5
2021,1,6,05:40,UTC,5.2
2021,1,6,05:50,UTC,5.7
2021,1,6,06:00,UTC,5.3
2021,1,6,06:10,UTC,5.6
2021,1,6,06:20,UTC,5.8
2021,1,6,06:30,UTC,6.1
2021,1,6,06:40,UTC,6.1
2021,1,6,06:50,UTC,6.3
2021,1,6,07:00,UTC,6
2021,1,6,07:10,UTC,6.2
2021,1,6,07:20,UTC,6.5
2021,1,6,07:30,UTC,5.7
2021,1,6,07:40,UTC,6.1
2021,1,6,07:50,UTC,7.1
2021,1,6,08:00,UTC,7
2021,1,6,08:10,UTC,7
2021,1,6,08:20,UTC,7.6
2021,1,6,08:30,UTC,7.8
2021,1,6,08:40,UTC,8.4
2021,1,6,08:50,UTC,8.1
2021,1,6,09:00,UTC,9
2021,1,6,09:10,UTC,8.2
2021,1,6,09:20,UTC,7.7
2021,1,6,09:30,UTC,7.5
2021,1,6,09:40,UTC,7.7
2021,1,6,09:50,UTC,7.4
2021,1,6,10:00,UTC,7.5
2021,1,6,10:10,UTC,7.1
2021,1,6,10:20,UTC,7.2
2021,1,6,10:30,UTC,6.9
2021,1,6,10:40,UTC,7.1
2021,1,6,10:50,UTC,7.1
2021,1,6,11:00,UTC,7.6
2021,1,6,11:10,UTC,7.8
2021,1,6,11:20,UTC,7.5
2021,1,6,11:30,UTC,7.8
2021,1,6,11:40,UTC,8.4
2021,1,6,11:50,UTC,7.5
2021,1,6,12:00,UTC,7.6
2021,1,6,12:10,UTC,7.6
2021,1,6,12:20,UTC,7.2
2021,1,6,12:30,UTC,7.4
2021,1,6,12:40,UTC,7.2
2021,1,6,12:50,UTC,7.2
2021,1,6,13:00,UTC,7.6
2021,1,6,13:10,UTC,8.1
2021,1,6,13:20,UTC,8.7
2021,1,6,13:30,UTC,8.4
2021,1,6,13:40,UTC,8.7
2021,1,6,13:50,UTC,9.3
2021,1,6,14:00,UTC,9
2021,1,6,14:10,UTC,8.8
2021,1,6,14:20,UTC,9
2021,1,6,14:30,UTC,9.3
2021,1,6,14:40,UTC,9
2021,1,6,14:50,UTC,9.1
2021,1,6,15:00,UTC,9.1
2021,1,6,15:10,UTC,8.9
2021,1,6,15:20,UTC,8.6
2021,1,6,15:30,UTC,8.7
2021,1,6,15:40,UTC,8.5
2021,1,6,15:50,UTC,8.4
2021,1,6,16:00,UTC,8.8
2021,1,6,16:10,UTC,8.2
2021,1,6,16:20,UTC,8.1
2021,1,6,16:30,UTC,8
2021,1,6,16:40,UTC,8
2021,1,6,16:50,UTC,8
2021,1,6,17:00,UTC,7.9
2021,1,6,17:10,UTC,8
2021,1,6,17:20,UTC,8
2021,1,6,17:30,UTC,8.1
2021,1,6,17:40,UTC,7.8
2021,1,6,17:50,UTC,8.2
2021,1,6,18:00,UTC,7.8
2021,1,6,18:10,UTC,8
2021,1,6,18:20,UTC,7.7
2021,1,6,18:30,UTC,7.7
2021,1,6,18:40,UTC,7.5
2021,1,6,18:50,UTC,8
2021,1,6,19:00,UTC,7.6
2021,1,6,19:10,UTC,8.2
2021,1,6,19:20,UTC,8.1
2021,1,6,19:30,UTC,8.9
2021,1,6,19:40,UTC,8.9
2021,1,6,19:50,UTC,9
2021,1,6,20:00,UTC,8.9
2021,1,6,20:10,UTC,8.7
2021,1,6,20:20,UTC,9.3
2021,1,6,20:30,UTC,8.9
2021,1,6,20:40,UTC,9.8
2021,1,6,20:50,UTC,9.8
2021,1,6,21:00,UTC,10.3
2021,1,6,21:10,UTC,9.1
2021,1,6,21:20,UTC,9.2
2021,1,6,21:30,UTC,8.4
2021,1,6,21:40,UTC,8.6
2021,1,6,21:50,UTC,8.9
2021,1,6,22:00,UTC,9.1
2021,1,6,22:10,UTC,9.4
2021,1,6,22:20,UTC,9.1
2021,1,6,22:30,UTC,9.7
2021,1,6,22:40,UTC,9.5
2021,1,6,22:50,UTC,9.8
2021,1,6,23:00,UTC,9.7
2021,1,6,23:10,UTC,9.3
2021,1,6,23:20,UTC,8.9
2021,1,6,23:30,UTC,8.7
2021,1,6,23:40,UTC,9.1
2021,1,6,23:50,UTC,8.2
2021,1,7,00:00,UTC,8.4
2021,1,7,00:10,UTC,8.2
2021,1,7,00:20,UTC,8.1
2021,1,7,00:30,UTC,8.4
2021,1,7,00:40,UTC,8.4
2021,1,7,00:50,UTC,8.4
2021,1,7,01:00,UTC,8.3
2021,1,7,01:10,UTC,8.8
2021,1,7,01:20,UTC,9.2
2021,1,7,01:30,UTC,9.1
2021,1,7,01:40,UTC,9.2
2021,1,7,01:50,UTC,9.1
2021,1,7,02:00,UTC,8.9
2021,1,7,02:10,UTC,9.3
2021,1,7,02:20,UTC,8.9
2021,1,7,02:30,UTC,8.8
2021,1,7,02:40,UTC,9.2
2021,1,7,02:50,UTC,8.6
2021,1,7,03:00,UTC,8.6
2021,1,7,03:10,UTC,8.6
2021,1,7,03:20,UTC,8.9
2021,1,7,03:30,UTC,8.6
2021,1,7,03:40,UTC,8.8
2021,1,7,03:50,UTC,8.6
2021,1,7,04:00,UTC,8.6
2021,1,7,04:10,UTC,8.4
2021,1,7,04:20,UTC,8.4
2021,1,7,04:30,UTC,9.4
2021,1,7,04:40,UTC,9
2021,1,7,04:50,UTC,9.3
2021,1,7,05:00,UTC,9.1
2021,1,7,05:10,UTC,9.7
2021,1,7,05:20,UTC,9.6
2021,1,7,05:30,UTC,9.5
2021,1,7,05:40,UTC,9.9
2021,1,7,05:50,UTC,9.3
2021,1,7,06:00,UTC,9.4
2021,1,7,06:10,UTC,9.6
2021,1,7,06:20,UTC,9.4
2021,1,7,06:30,UTC,9.2
2021,1,7,06:40,UTC,8.8
2021,1,7,06:50,UTC,8.6
2021,1,7,07:00,UTC,8.8
2021,1,7,07:10,UTC,8.9
2021,1,7,07:20,UTC,8.7
2021,1,7,07:30,UTC,7.8
2021,1,7,07:40,UTC,8.1
2021,1,7,07:50,UTC,8.2
2021,1,7,08:00,UTC,8
2021,1,7,08:10,UTC,8.4
2021,1,7,08:20,UTC,8.2
2021,1,7,08:30,UTC,8.2
2021,1,7,08:40,UTC,8.2
2021,1,7,08:50,UTC,8.4
2021,1,7,09:00,UTC,9.7
2021,1,7,09:10,UTC,9.7
2021,1,7,09:20,UTC,12
2021,1,7,09:30,UTC,14.3
2021,1,7,09:40,UTC,11.5
2021,1,7,09:50,UTC,10.9
2021,1,7,10:00,UTC,10.2
2021,1,7,10:10,UTC,9.9
2021,1,7,10:20,UTC,10.3
2021,1,7,10:30,UTC,10.4
2021,1,7,10:40,UTC,10.3
2021,1,7,10:50,UTC,10.4
2021,1,7,11:00,UTC,9.8
2021,1,7,11:10,UTC,9.8
2021,1,7,11:20,UTC,9.7
2021,1,7,11:30,UTC,9.8
2021,1,7,11:40,UTC,10.1
2021,1,7,11:50,UTC,9.9
2021,1,7,12:00,UTC,10.2
2021,1,7,12:10,UTC,10.8
2021,1,7,12:20,UTC,10.3
2021,1,7,12:30,UTC,10.4
2021,1,7,12:40,UTC,10.4
2021,1,7,12:50,UTC,10.3
2021,1,7,13:00,UTC,11.4
2021,1,7,13:10,UTC,10.8
2021,1,7,13:20,UTC,10.9
2021,1,7,13:30,UTC,11.6
2021,1,7,13:40,UTC,11.4
2021,1,7,13:50,UTC,10.9
2021,1,7,14:00,UTC,11.2
2021,1,7,14:10,UTC,11.1
2021,1,7,14:20,UTC,10.9
2021,1,7,14:30,UTC,10.4
2021,1,7,14:40,UTC,10.9
2021,1,7,14:50,UTC,11.4
2021,1,7,15:00,UTC,11.5
2021,1,7,15:10,UTC,10.8
2021,1,7,15:20,UTC,10.3
2021,1,7,15:30,UTC,10.5
2021,1,7,15:40,UTC,10.7
2021,1,7,15:50,UTC,10.9
2021,1,7,16:00,UTC,10.6
2021,1,7,16:10,UTC,11
2021,1,7,16:20,UTC,11.3
2021,1,7,16:30,UTC,10.7
2021,1,7,16:40,UTC,10.6
2021,1,7,16:50,UTC,10.6
2021,1,7,17:00,UTC,10.1
2021,1,7,17:10,UTC,10.1
2021,1,7,17:20,UTC,10.2
2021,1,7,17:30,UTC,10.6
2021,1,7,17:40,UTC,10.9
2021,1,7,17:50,UTC,10.7
2021,1,7,18:00,UTC,11.2
2021,1,7,18:10,UTC,11
2021,1,7,18:20,UTC,11
2021,1,7,18:30,UTC,10.3
2021,1,7,18:40,UTC,10.2
2021,1,7,18:50,UTC,10.4
2021,1,7,19:00,UTC,10.2
2021,1,7,19:10,UTC,9.6
2021,1,7,19:20,UTC,9.9
2021,1,7,19:30,UTC,10.1
2021,1,7,19:40,UTC,10.2
2021,1,7,19:50,UTC,9.9
2021,1,7,20:00,UTC,10.3
2021,1,7,20:10,UTC,10.1
2021,1,7,20:20,UTC,9.4
2021,1,7,20:30,UTC,9.4
2021,1,7,20:40,UTC,9
2021,1,7,20:50,UTC,9.9
2021,1,7,21:00,UTC,9.3
2021,1,7,21:10,UTC,9.4
2021,1,7,21:20,UTC,9.4
2021,1,7,21:30,UTC,9.9
2021,1,7,21:40,UTC,9.7
2021,1,7,21:50,UTC,10.1
2021,1,7,22:00,UTC,10.3
2021,1,7,22:10,UTC,10.7
2021,1,7,22:20,UTC,10.9
2021,1,7,22:30,UTC,10.8
2021,1,7,22:40,UTC,10.6
2021,1,7,22:50,UTC,10.7
2021,1,7,23:00,UTC,10.5
2021,1,7,23:10,UTC,10.6
2021,1,7,23:20,UTC,10.1
2021,1,7,23:30,UTC,10.6
2021,1,7,23:40,UTC,9.8
2021,1,7,23:50,UTC,10.3
2021,1,8,00:00,UTC,10.1
2021,1,8,00:10,UTC,9.8
2021,1,8,00:20,UTC,10
2021,1,8,00:30,UTC,10
2021,1,8,00:40,UTC,9.7
2021,1,8,00:50,UTC,10.3
2021,1,8,01:00,UTC,9.8
2021,1,8,01:10,UTC,9.8
2021,1,8,01:20,UTC,9.9
2021,1,8,01:30,UTC,10
2021,1,8,01:40,UTC,9.8
2021,1,8,01:50,UTC,9.5
2021,1,8,02:00,UTC,9.9
2021,1,8,02:10,UTC,9.8
2021,1,8,02:20,UTC,9.4
2021,1,8,02:30,UTC,9.9
2021,1,8,02:40,UTC,9.5
2021,1,8,02:50,UTC,9.4
2021,1,8,03:00,UTC,9.3
2021,1,8,03:10,UTC,9.3
2021,1,8,03:20,UTC,8.9
2021,1,8,03:30,UTC,8.5
2021,1,8,03:40,UTC,8.8
2021,1,8,03:50,UTC,8.9
2021,1,8,04:00,UTC,8.9
2021,1,8,04:10,UTC,8.9
2021,1,8,04:20,UTC,8.6
2021,1,8,04:30,UTC,8.5
2021,1,8,04:40,UTC,8.3
2021,1,8,04:50,UTC,8.7
2021,1,8,05:00,UTC,9
2021,1,8,05:10,UTC,8.3
2021,1,8,05:20,UTC,8.7
2021,1,8,05:30,UTC,8.8
2021,1,8,05:40,UTC,8.5
2021,1,8,05:50,UTC,8.4
2021,1,8,06:00,UTC,8.4
2021,1,8,06:10,UTC,9.2
2021,1,8,06:20,UTC,9.7
2021,1,8,06:30,UTC,8.4
2021,1,8,06:40,UTC,8.7
2021,1,8,06:50,UTC,8.5
2021,1,8,07:00,UTC,8.1
2021,1,8,07:10,UTC,8.4
2021,1,8,07:20,UTC,8.4
2021,1,8,07:30,UTC,8.5
2021,1,8,07:40,UTC,8.1
2021,1,8,07:50,UTC,8.2
2021,1,8,08:00,UTC,8.1
2021,1,8,08:10,UTC,8.3
2021,1,8,08:20,UTC,8.7
2021,1,8,08:30,UTC,8.6
2021,1,8,08:40,UTC,8.1
2021,1,8,08:50,UTC,8.2
2021,1,8,09:00,UTC,8.4
2021,1,8,09:10,UTC,8.1
2021,1,8,09:20,UTC,8.2
2021,1,8,09:30,UTC,8.1
2021,1,8,09:40,UTC,7.8
2021,1,8,09:50,UTC,7.7
2021,1,8,10:00,UTC,7.7
2021,1,8,10:10,UTC,7.7
2021,1,8,10:20,UTC,7.7
2021,1,8,10:30,UTC,8.2
2021,1,8,10:40,UTC,7.8
2021,1,8,10:50,UTC,7.7
2021,1,8,11:00,UTC,7.9
2021,1,8,11:10,UTC,7.8
2021,1,8,11:20,UTC,7.8
2021,1,8,11:30,UTC,7.8
2021,1,8,11:40,UTC,8
2021,1,8,11:50,UTC,7.8
2021,1,8,12:00,UTC,7.8
2021,1,8,12:10,UTC,7.6
2021,1,8,12:20,UTC,7.5
2021,1,8,12:30,UTC,8
2021,1,8,12:40,UTC,7.6
2021,1,8,12:50,UTC,7.7
2021,1,8,13:00,UTC,7.1
2021,1,8,13:10,UTC,7.3
2021,1,8,13:20,UTC,7.3
2021,1,8,13:30,UTC,7.5
2021,1,8,13:40,UTC,7.8
2021,1,8,13:50,UTC,7.8
2021,1,8,14:00,UTC,7.7
2021,1,8,14:10,UTC,7.5
2021,1,8,14:20,UTC,7.6
2021,1,8,14:30,UTC,7.8
2021,1,8,14:40,UTC,7.6
2021,1,8,14:50,UTC,7.7
2021,1,8,15:00,UTC,7.7
2021,1,8,15:10,UTC,8.2
2021,1,8,15:20,UTC,8
2021,1,8,15:30,UTC,8.1
2021,1,8,15:40,UTC,7.9
2021,1,8,15:50,UTC,7.5
2021,1,8,16:00,UTC,7.4
2021,1,8,16:10,UTC,7.4
2021,1,8,16:20,UTC,7.3
2021,1,8,16:30,UTC,7.2
2021,1,8,16:40,UTC,7.3
2021,1,8,16:50,UTC,7.1
2021,1,8,17:00,UTC,7.2
2021,1,8,17:10,UTC,7.2
2021,1,8,17:20,UTC,7.2
2021,1,8,17:30,UTC,7.3
2021,1,8,17:40,UTC,6.9
2021,1,8,17:50,UTC,6.8
2021,1,8,18:00,UTC,7
2021,1,8,18:10,UTC,6.8
2021,1,8,18:20,UTC,6.9
2021,1,8,18:30,UTC,6.9
2021,1,8,18:40,UTC,6.7
2021,1,8,18:50,UTC,6.8
2021,1,8,19:00,UTC,6.9
2021,1,8,19:10,UTC,6.6
2021,1,8,19:20,UTC,6.4
2021,1,8,19:30,UTC,6.2
2021,1,8,19:40,UTC,6.3
2021,1,8,19:50,UTC,6.5
2021,1,8,20:00,UTC,6.4
2021,1,8,20:10,UTC,6.1
2021,1,8,20:20,UTC,6.3
2021,1,8,20:30,UTC,6
2021,1,8,20:40,UTC,6
2021,1,8,20:50,UTC,6
2021,1,8,21:00,UTC,6.1
2021,1,8,21:10,UTC,5.8
2021,1,8,21:20,UTC,5.8
2021,1,8,21:30,UTC,5.3
2021,1,8,21:40,UTC,5
2021,1,8,21:50,UTC,4.9
2021,1,8,22:00,UTC,5
2021,1,8,22:10,UTC,5.2
2021,1,8,22:20,UTC,5
2021,1,8,22:30,UTC,4.8
2021,1,8,22:40,UTC,4.9
2021,1,8,22:50,UTC,5
2021,1,8,23:00,UTC,5.1
2021,1,8,23:10,UTC,5
2021,1,8,23:20,UTC,5.3
2021,1,8,23:30,UTC,5.5
2021,1,8,23:40,UTC,5.5
2021,1,8,23:50,UTC,5.2
2021,1,9,00:00,UTC,5.7
2021,1,9,00:10,UTC,5.6
2021,1,9,00:20,UTC,5
2021,1,9,00:30,UTC,5.1
2021,1,9,00:40,UTC,5.3
2021,1,9,00:50,UTC,5
2021,1,9,01:00,UTC,5.1
2021,1,9,01:10,UTC,5.2
2021,1,9,01:20,UTC,5.6
2021,1,9,01:30,UTC,5.7
2021,1,9,01:40,UTC,5.6
2021,1,9,01:50,UTC,5.2
2021,1,9,02:00,UTC,4.7
2021,1,9,02:10,UTC,5.2
2021,1,9,02:20,UTC,5.5
2021,1,9,02:30,UTC,5.1
2021,1,9,02:40,UTC,5.3
2021,1,9,02:50,UTC,5.7
2021,1,9,03:00,UTC,5.5
2021,1,9,03:10,UTC,5.3
2021,1,9,03:20,UTC,5.4
2021,1,9,03:30,UTC,5.6
2021,1,9,03:40,UTC,6.1
2021,1,9,03:50,UTC,6.3
2021,1,9,04:00,UTC,6.7
2021,1,9,04:10,UTC,6.8
2021,1,9,04:20,UTC,6.5
2021,1,9,04:30,UTC,6.4
2021,1,9,04:40,UTC,6.2
2021,1,9,04:50,UTC,6.4
2021,1,9,05:00,UTC,6.5
2021,1,9,05:10,UTC,6.3
2021,1,9,05:20,UTC,5.9
2021,1,9,05:30,UTC,6.5
2021,1,9,05:40,UTC,6.3
2021,1,9,05:50,UTC,6.2
2021,1,9,06:00,UTC,6.2
2021,1,9,06:10,UTC,6.1
2021,1,9,06:20,UTC,6.2
2021,1,9,06:30,UTC,5.9
2021,1,9,06:40,UTC,5.6
2021,1,9,06:50,UTC,5.8
2021,1,9,07:00,UTC,5.8
2021,1,9,07:10,UTC,5.4
2021,1,9,07:20,UTC,5.2
2021,1,9,07:30,UTC,4.7
2021,1,9,07:40,UTC,4.8
2021,1,9,07:50,UTC,4.8
2021,1,9,08:00,UTC,5.2
2021,1,9,08:10,UTC,5.1
2021,1,9,08:20,UTC,4.8
2021,1,9,08:30,UTC,4.6
2021,1,9,08:40,UTC,4.6
2021,1,9,08:50,UTC,4.6
2021,1,9,09:00,UTC,4.5
2021,1,9,09:10,UTC,3.9
2021,1,9,09:20,UTC,3.9
2021,1,9,09:30,UTC,3.7
2021,1,9,09:40,UTC,3.8
2021,1,9,09:50,UTC,3.5
2021,1,9,10:00,UTC,3.3
2021,1,9,10:10,UTC,3.5
2021,1,9,10:20,UTC,3.5
2021,1,9,10:30,UTC,3.6
2021,1,9,10:40,UTC,3.5
2021,1,9,10:50,UTC,3.6
2021,1,9,11:00,UTC,3.7
2021,1,9,11:10,UTC,3.4
2021,1,9,11:20,UTC,3.3
2021,1,9,11:30,UTC,3.2
2021,1,9,11:40,UTC,3
2021,1,9,11:50,UTC,2.7
2021,1,9,12:00,UTC,2.7
2021,1,9,12:10,UTC,2.8
2021,1,9,12:20,UTC,2.6
2021,1,9,12:30,UTC,2.6
2021,1,9,12:40,UTC,2.6
2021,1,9,12:50,UTC,2.7
2021,1,9,13:00,UTC,2.9
2021,1,9,13:10,UTC,3.3
2021,1,9,13:20,UTC,3.6
2021,1,9,13:30,UTC,3.2
2021,1,9,13:40,UTC,3.2
2021,1,9,13:50,UTC,3.1
2021,1,9,14:00,UTC,2.9
2021,1,9,14:10,UTC,3
2021,1,9,14:20,UTC,2.7
2021,1,9,14:30,UTC,2.6
2021,1,9,14:40,UTC,2.5
2021,1,9,14:50,UTC,3.1
2021,1,9,15:00,UTC,3.5
2021,1,9,15:10,UTC,3.6
2021,1,9,15:20,UTC,3.7
2021,1,9,15:30,UTC,3.9
2021,1,9,15:40,UTC,3.5
2021,1,9,15:50,UTC,4.1
2021,1,9,16:00,UTC,4.1
2021,1,9,16:10,UTC,4.5
2021,1,9,16:20,UTC,4.7
2021,1,9,16:30,UTC,4.8
2021,1,9,16:40,UTC,4.9
2021,1,9,16:50,UTC,5
2021,1,9,17:00,UTC,5.2
2021,1,9,17:10,UTC,5
2021,1,9,17:20,UTC,5.2
2021,1,9,17:30,UTC,4.8
2021,1,9,17:40,UTC,5
2021,1,9,17:50,UTC,5.4
2021,1,9,18:00,UTC,5.7
2021,1,9,18:10,UTC,6.3
2021,1,9,18:20,UTC,6.3
2021,1,9,18:30,UTC,6.5
2021,1,9,18:40,UTC,6.9
2021,1,9,18:50,UTC,7.3
2021,1,9,19:00,UTC,7.7
2021,1,9,19:10,UTC,7.8
2021,1,9,19:20,UTC,7.7
2021,1,9,19:30,UTC,7.6
2021,1,9,19:40,UTC,7.7
2021,1,9,19:50,UTC,7.8
2021,1,9,20:00,UTC,7.7
2021,1,9,20:10,UTC,7.5
2021,1,9,20:20,UTC,7.4
2021,1,9,20:30,UTC,7.3
2021,1,9,20:40,UTC,7.2
2021,1,9,20:50,UTC,7.2
2021,1,9,21:00,UTC,7.1
2021,1,9,21:10,UTC,7.2
2021,1,9,21:20,UTC,7.4
2021,1,9,21:30,UTC,7.4
2021,1,9,21:40,UTC,7.4
2021,1,9,21:50,UTC,7.3
2021,1,9,22:00,UTC,7.4
2021,1,9,22:10,UTC,7.5
2021,1,9,22:20,UTC,7.8
2021,1,9,22:30,UTC,8
2021,1,9,22:40,UTC,7.8
2021,1,9,22:50,UTC,7.9
2021,1,9,23:00,UTC,8
2021,1,9,23:10,UTC,7.6
2021,1,9,23:20,UTC,7.5
2021,1,9,23:30,UTC,7.5
2021,1,9,23:40,UTC,7.8
2021,1,9,23:50,UTC,7.6
2021,1,10,00:00,UTC,7.5
2021,1,10,00:10,UTC,7.9
2021,1,10,00:20,UTC,8.2
2021,1,10,00:30,UTC,7.7
2021,1,10,00:40,UTC,8.3
2021,1,10,00:50,UTC,8.6
2021,1,10,01:00,UTC,8.5
2021,1,10,01:10,UTC,8
2021,1,10,01:20,UTC,7.9
2021,1,10,01:30,UTC,7.9
2021,1,10,01:40,UTC,8.2
2021,1,10,01:50,UTC,8.3
2021,1,10,02:00,UTC,8.7
2021,1,10,02:10,UTC,8.9
2021,1,10,02:20,UTC,8.8
2021,1,10,02:30,UTC,9.1
2021,1,10,02:40,UTC,8.8
2021,1,10,02:50,UTC,9
2021,1,10,03:00,UTC,9.5
2021,1,10,03:10,UTC,9.3
2021,1,10,03:20,UTC,9.7
2021,1,10,03:30,UTC,9.6
2021,1,10,03:40,UTC,9.2
2021,1,10,03:50,UTC,9.8
2021,1,10,04:00,UTC,9.2
2021,1,10,04:10,UTC,9.4
2021,1,10,04:20,UTC,8.2
2021,1,10,04:30,UTC,7.5
2021,1,10,04:40,UTC,7.6
2021,1,10,04:50,UTC,7.2
2021,1,10,05:00,UTC,6.7
2021,1,10,05:10,UTC,7
2021,1,10,05:20,UTC,7.1
2021,1,10,05:30,UTC,6.5
2021,1,10,05:40,UTC,6
2021,1,10,05:50,UTC,5.6
2021,1,10,06:00,UTC,6.1
2021,1,10,06:10,UTC,6.2
2021,1,10,06:20,UTC,5.6
2021,1,10,06:30,UTC,5.8
2021,1,10,06:40,UTC,6.1
2021,1,10,06:50,UTC,6.6
2021,1,10,07:00,UTC,6.5
2021,1,10,07:10,UTC,6.4
2021,1,10,07:20,UTC,6.7
2021,1,10,07:30,UTC,6.6
2021,1,10,07:40,UTC,6.4
2021,1,10,07:50,UTC,6.3
2021,1,10,08:00,UTC,6.8
2021,1,10,08:10,UTC,6.7
2021,1,10,08:20,UTC,6.5
2021,1,10,08:30,UTC,7.4
2021,1,10,08:40,UTC,6.7
2021,1,10,08:50,UTC,8
2021,1,10,09:00,UTC,7.8
2021,1,10,09:10,UTC,8.1
2021,1,10,09:20,UTC,6.6
2021,1,10,09:30,UTC,6.3
2021,1,10,09:40,UTC,6.2
2021,1,10,09:50,UTC,6.6
2021,1,10,10:00,UTC,7
2021,1,10,10:10,UTC,6.1
2021,1,10,10:20,UTC,6.2
2021,1,10,10:30,UTC,6.3
2021,1,10,10:40,UTC,6.4
2021,1,10,10:50,UTC,7.2
2021,1,10,11:00,UTC,8.2
2021,1,10,11:10,UTC,8.1
2021,1,10,11:20,UTC,7.5
2021,1,10,11:30,UTC,8.9
2021,1,10,11:40,UTC,10.2
2021,1,10,11:50,UTC,11
2021,1,10,12:00,UTC,10.7
2021,1,10,12:10,UTC,9.6
2021,1,10,12:20,UTC,9.7
2021,1,10,12:30,UTC,10
2021,1,10,12:40,UTC,8.3
2021,1,10,12:50,UTC,8.4
2021,1,10,13:00,UTC,9.8
2021,1,10,13:10,UTC,9
2021,1,10,13:20,UTC,8.8
2021,1,10,13:30,UTC,10.1
2021,1,10,13:40,UTC,9
2021,1,10,13:50,UTC,9
2021,1,10,14:00,UTC,10
2021,1,10,14:10,UTC,9
2021,1,10,14:20,UTC,10.9
2021,1,10,14:30,UTC,9.8
2021,1,10,14:40,UTC,8.9
2021,1,10,14:50,UTC,8.9
2021,1,10,15:00,UTC,10.1
2021,1,10,15:10,UTC,10.4
2021,1,10,15:20,UTC,10.6
2021,1,10,15:30,UTC,11
2021,1,10,15:40,UTC,10.9
2021,1,10,15:50,UTC,10.2
2021,1,10,16:00,UTC,10
2021,1,10,16:10,UTC,10.6
2021,1,10,16:20,UTC,10.6
2021,1,10,16:30,UTC,9.9
2021,1,10,16:40,UTC,11.3
2021,1,10,16:50,UTC,11.1
2021,1,10,17:00,UTC,10.8
2021,1,10,17:10,UTC,10.8
2021,1,10,17:20,UTC,10.2
2021,1,10,17:30,UTC,10.8
2021,1,10,17:40,UTC,10.6
2021,1,10,17:50,UTC,10.8
2021,1,10,18:00,UTC,10.7
2021,1,10,18:10,UTC,9.8
2021,1,10,18:20,UTC,8.3
2021,1,10,18:30,UTC,6.2
2021,1,10,18:40,UTC,5.5
2021,1,10,18:50,UTC,5.2
2021,1,10,19:00,UTC,5.8
2021,1,10,19:10,UTC,5.8
2021,1,10,19:20,UTC,5.2
2021,1,10,19:30,UTC,4.9
2021,1,10,19:40,UTC,4.8
2021,1,10,19:50,UTC,4.8
2021,1,10,20:00,UTC,5.3
2021,1,10,20:10,UTC,5.3
2021,1,10,20:20,UTC,4.5
2021,1,10,20:30,UTC,4.9
2021,1,10,20:40,UTC,4.4
2021,1,10,20:50,UTC,4.2
2021,1,10,21:00,UTC,5.2
2021,1,10,21:10,UTC,5.2
2021,1,10,21:20,UTC,4.6
2021,1,10,21:30,UTC,4.2
2021,1,10,21:40,UTC,4
2021,1,10,21:50,UTC,4.1
2021,1,10,22:00,UTC,3.7
2021,1,10,22:10,UTC,4.1
2021,1,10,22:20,UTC,5.1
2021,1,10,22:30,UTC,5.2
2021,1,10,22:40,UTC,4.2
2021,1,10,22:50,UTC,4.4
2021,1,10,23:00,UTC,4.9
2021,1,10,23:10,UTC,6.6
2021,1,10,23:20,UTC,5.9
2021,1,10,23:30,UTC,6.9
2021,1,10,23:40,UTC,6.5
2021,1,10,23:50,UTC,6.5
2021,1,11,00:00,UTC,5.9
2021,1,11,00:10,UTC,4.8
2021,1,11,00:20,UTC,5.1
2021,1,11,00:30,UTC,4.3
2021,1,11,00:40,UTC,3.3
2021,1,11,00:50,UTC,4.8
2021,1,11,01:00,UTC,5.3
2021,1,11,01:10,UTC,5.3
2021,1,11,01:20,UTC,5.2
2021,1,11,01:30,UTC,5.3
2021,1,11,01:40,UTC,5.5
2021,1,11,01:50,UTC,5.2
2021,1,11,02:00,UTC,4.2
2021,1,11,02:10,UTC,5.8
2021,1,11,02:20,UTC,6.6
2021,1,11,02:30,UTC,5.3
2021,1,11,02:40,UTC,5.8
2021,1,11,02:50,UTC,6.8
2021,1,11,03:00,UTC,6.5
2021,1,11,03:10,UTC,5
2021,1,11,03:20,UTC,4.8
2021,1,11,03:30,UTC,4.8
2021,1,11,03:40,UTC,4.8
2021,1,11,03:50,UTC,5.4
2021,1,11,04:00,UTC,4.9
2021,1,11,04:10,UTC,5.3
2021,1,11,04:20,UTC,6.5
2021,1,11,04:30,UTC,6.5
2021,1,11,04:40,UTC,6.7
2021,1,11,04:50,UTC,6.3
2021,1,11,05:00,UTC,6
2021,1,11,05:10,UTC,5.3
2021,1,11,05:20,UTC,4.9
2021,1,11,05:30,UTC,5.4
2021,1,11,05:40,UTC,5.6
2021,1,11,05:50,UTC,5.2
2021,1,11,06:00,UTC,5.5
2021,1,11,06:10,UTC,4.9
2021,1,11,06:20,UTC,4.7
2021,1,11,06:30,UTC,4.3
2021,1,11,06:40,UTC,4.4
2021,1,11,06:50,UTC,4.3
2021,1,11,07:00,UTC,4.1
2021,1,11,07:10,UTC,2.5
2021,1,11,07:20,UTC,2.8
2021,1,11,07:30,UTC,4.2
2021,1,11,07:40,UTC,5.8
2021,1,11,07:50,UTC,6
2021,1,11,08:00,UTC,6.2
2021,1,11,08:10,UTC,6.8
2021,1,11,08:20,UTC,7.3
2021,1,11,08:30,UTC,7.2
2021,1,11,08:40,UTC,6.7
2021,1,11,08:50,UTC,6.7
2021,1,11,09:00,UTC,6.2
2021,1,11,09:10,UTC,6.9
2021,1,11,09:20,UTC,7.5
2021,1,11,09:30,UTC,7.5
2021,1,11,09:40,UTC,7.5
2021,1,11,09:50,UTC,7.5
2021,1,11,10:00,UTC,7.2
2021,1,11,10:10,UTC,7.2
2021,1,11,10:20,UTC,7.1
2021,1,11,10:30,UTC,6.7
2021,1,11,10:40,UTC,6.7
2021,1,11,10:50,UTC,7.1
2021,1,11,11:00,UTC,7.1
2021,1,11,11:10,UTC,6.6
2021,1,11,11:20,UTC,6.5
2021,1,11,11:30,UTC,6.8
2021,1,11,11:40,UTC,7.2
2021,1,11,11:50,UTC,7
2021,1,11,12:00,UTC,7.7
2021,1,11,12:10,UTC,8
2021,1,11,12:20,UTC,8
2021,1,11,12:30,UTC,8
2021,1,11,12:40,UTC,7.6
2021,1,11,12:50,UTC,7.5
2021,1,11,13:00,UTC,7
2021,1,11,13:10,UTC,7.1
2021,1,11,13:20,UTC,7.8
2021,1,11,13:30,UTC,9.1
2021,1,11,13:40,UTC,8.7
2021,1,11,13:50,UTC,9.2
2021,1,11,14:00,UTC,8.9
2021,1,11,14:10,UTC,8.4
2021,1,11,14:20,UTC,8.1
2021,1,11,14:30,UTC,8.9
2021,1,11,14:40,UTC,8.8
2021,1,11,14:50,UTC,8.9
2021,1,11,15:00,UTC,9.2
2021,1,11,15:10,UTC,9.4
2021,1,11,15:20,UTC,10.2
2021,1,11,15:30,UTC,9.8
2021,1,11,15:40,UTC,10
2021,1,11,15:50,UTC,10.3
2021,1,11,16:00,UTC,10.2
2021,1,11,16:10,UTC,10.7
2021,1,11,16:20,UTC,10.7
2021,1,11,16:30,UTC,11.3
2021,1,11,16:40,UTC,10.8
2021,1,11,16:50,UTC,11.6
2021,1,11,17:00,UTC,12.4
2021,1,11,17:10,UTC,12.8
2021,1,11,17:20,UTC,12.2
2021,1,11,17:30,UTC,14.3
2021,1,11,17:40,UTC,15.5
2021,1,11,17:50,UTC,15.5
2021,1,11,18:00,UTC,16.6
2021,1,11,18:10,UTC,16.1
2021,1,11,18:20,UTC,16.4
2021,1,11,18:30,UTC,16.9
2021,1,11,18:40,UTC,17.3
2021,1,11,18:50,UTC,17.2
2021,1,11,19:00,UTC,17.9
2021,1,11,19:10,UTC,18
2021,1,11,19:20,UTC,19.5
2021,1,11,19:30,UTC,19.6
2021,1,11,19:40,UTC,18.9
2021,1,11,19:50,UTC,19.3
2021,1,11,20:00,UTC,18.1
2021,1,11,20:10,UTC,18.8
2021,1,11,20:20,UTC,19.3
2021,1,11,20:30,UTC,19.8
2021,1,11,20:40,UTC,21.4
2021,1,11,20:50,UTC,21
2021,1,11,21:00,UTC,22.7
2021,1,11,21:10,UTC,21.8
2021,1,11,21:20,UTC,20.9
2021,1,11,21:30,UTC,21.9
2021,1,11,21:40,UTC,20.5
2021,1,11,21:50,UTC,20.4
2021,1,11,22:00,UTC,20.6
2021,1,11,22:10,UTC,20.9
2021,1,11,22:20,UTC,21.1
2021,1,11,22:30,UTC,21.4
2021,1,11,22:40,UTC,-
2021,1,11,22:50,UTC,19.9
2021,1,11,23:00,UTC,20.1
2021,1,11,23:10,UTC,19.8
2021,1,11,23:20,UTC,20.9
2021,1,11,23:30,UTC,20.3
2021,1,11,23:40,UTC,20.5
2021,1,11,23:50,UTC,20
2021,1,12,00:00,UTC,21
2021,1,12,00:10,UTC,20.4
2021,1,12,00:20,UTC,20.7
2021,1,12,00:30,UTC,20.6
2021,1,12,00:40,UTC,20
2021,1,12,00:50,UTC,20.4
2021,1,12,01:00,UTC,20.1
2021,1,12,01:10,UTC,20.3
2021,1,12,01:20,UTC,20.1
2021,1,12,01:30,UTC,19.6
2021,1,12,01:40,UTC,18.5
2021,1,12,01:50,UTC,20.1
2021,1,12,02:00,UTC,19.9
2021,1,12,02:10,UTC,20.1
2021,1,12,02:20,UTC,20
2021,1,12,02:30,UTC,19.9
2021,1,12,02:40,UTC,20
2021,1,12,02:50,UTC,19.4
2021,1,12,03:00,UTC,19.8
2021,1,12,03:10,UTC,20.5
2021,1,12,03:20,UTC,20.2
2021,1,12,03:30,UTC,20.4
2021,1,12,03:40,UTC,19.9
2021,1,12,03:50,UTC,20.1
2021,1,12,04:00,UTC,20.5
2021,1,12,04:10,UTC,19.9
2021,1,12,04:20,UTC,20.3
2021,1,12,04:30,UTC,20.6
2021,1,12,04:40,UTC,20
2021,1,12,04:50,UTC,19.8
2021,1,12,05:00,UTC,20.3
2021,1,12,05:10,UTC,20.1
2021,1,12,05:20,UTC,20.1
2021,1,12,05:30,UTC,20
2021,1,12,05:40,UTC,20
2021,1,12,05:50,UTC,19.7
2021,1,12,06:00,UTC,20.4
2021,1,12,06:10,UTC,19.2
2021,1,12,06:20,UTC,19.4
2021,1,12,06:30,UTC,19.2
2021,1,12,06:40,UTC,18.6
2021,1,12,06:50,UTC,18.9
2021,1,12,07:00,UTC,19.5
2021,1,12,07:10,UTC,19.5
2021,1,12,07:20,UTC,20
2021,1,12,07:30,UTC,20.1
2021,1,12,07:40,UTC,19.1
2021,1,12,07:50,UTC,19.6
2021,1,12,08:00,UTC,19.1
2021,1,12,08:10,UTC,19.3
2021,1,12,08:20,UTC,18.9
2021,1,12,08:30,UTC,19.3
2021,1,12,08:40,UTC,19.1
2021,1,12,08:50,UTC,19.5
2021,1,12,09:00,UTC,19.5
2021,1,12,09:10,UTC,19.1
2021,1,12,09:20,UTC,18.5
2021,1,12,09:30,UTC,18.9
2021,1,12,09:40,UTC,19.3
2021,1,12,09:50,UTC,18.8
2021,1,12,10:00,UTC,18.6
2021,1,12,10:10,UTC,19.4
2021,1,12,10:20,UTC,18.5
2021,1,12,10:30,UTC,18.5
2021,1,12,10:40,UTC,18.5
2021,1,12,10:50,UTC,18.5
2021,1,12,11:00,UTC,18.2
2021,1,12,11:10,UTC,18.5
2021,1,12,11:20,UTC,17.8
2021,1,12,11:30,UTC,18.6
2021,1,12,11:40,UTC,17.9
2021,1,12,11:50,UTC,17.1
2021,1,12,12:00,UTC,17.1
2021,1,12,12:10,UTC,16.8
2021,1,12,12:20,UTC,16.8
2021,1,12,12:30,UTC,17.2
2021,1,12,12:40,UTC,15.9
2021,1,12,12:50,UTC,10.9
2021,1,12,13:00,UTC,7.3
2021,1,12,13:10,UTC,5.8
2021,1,12,13:20,UTC,4.6
2021,1,12,13:30,UTC,4.7
2021,1,12,13:40,UTC,4.6
2021,1,12,13:50,UTC,5.1
2021,1,12,14:00,UTC,3.8
2021,1,12,14:10,UTC,3.5
2021,1,12,14:20,UTC,4.3
2021,1,12,14:30,UTC,4.1
2021,1,12,14:40,UTC,4
2021,1,12,14:50,UTC,5.1
2021,1,12,15:00,UTC,5.8
2021,1,12,15:10,UTC,6.1
2021,1,12,15:20,UTC,5
2021,1,12,15:30,UTC,3.3
2021,1,12,15:40,UTC,3.2
2021,1,12,15:50,UTC,1.5
2021,1,12,16:00,UTC,0.8
2021,1,12,16:10,UTC,0
2021,1,12,16:20,UTC,0
2021,1,12,16:30,UTC,0.8
2021,1,12,16:40,UTC,-
2021,1,12,16:50,UTC,1.5
2021,1,12,17:00,UTC,2.9
2021,1,12,17:10,UTC,1.6
2021,1,12,17:20,UTC,1.1
2021,1,12,17:30,UTC,-
2021,1,12,17:40,UTC,0
2021,1,12,17:50,UTC,0.7
2021,1,12,18:00,UTC,0.9
2021,1,12,18:10,UTC,1.5
2021,1,12,18:20,UTC,-
2021,1,12,18:30,UTC,2.2
2021,1,12,18:40,UTC,2.9
2021,1,12,18:50,UTC,3.8
2021,1,12,19:00,UTC,2.7
2021,1,12,19:10,UTC,2.8
2021,1,12,19:20,UTC,4.4
2021,1,12,19:30,UTC,4.8
2021,1,12,19:40,UTC,4.4
2021,1,12,19:50,UTC,4.4
2021,1,12,20:00,UTC,4.4
2021,1,12,20:10,UTC,4
2021,1,12,20:20,UTC,3.8
2021,1,12,20:30,UTC,3.5
2021,1,12,20:40,UTC,3.7
2021,1,12,20:50,UTC,3.5
2021,1,12,21:00,UTC,3.2
2021,1,12,21:10,UTC,3
2021,1,12,21:20,UTC,3.2
2021,1,12,21:30,UTC,2.8
2021,1,12,21:40,UTC,2.8
2021,1,12,21:50,UTC,3
2021,1,12,22:00,UTC,3.5
2021,1,12,22:10,UTC,3.9
2021,1,12,22:20,UTC,4.9
2021,1,12,22:30,UTC,5.6
2021,1,12,22:40,UTC,6.8
2021,1,12,22:50,UTC,7.7
2021,1,12,23:00,UTC,7.6
2021,1,12,23:10,UTC,8
2021,1,12,23:20,UTC,9.3
2021,1,12,23:30,UTC,9.1
2021,1,12,23:40,UTC,9.9
2021,1,12,23:50,UTC,10.9
2021,1,13,00:00,UTC,10.4
2021,1,13,00:10,UTC,10.8
2021,1,13,00:20,UTC,10.7
2021,1,13,00:30,UTC,11.6
2021,1,13,00:40,UTC,11.4
2021,1,13,00:50,UTC,10.9
2021,1,13,01:00,UTC,10.4
2021,1,13,01:10,UTC,10.7
2021,1,13,01:20,UTC,11.1
2021,1,13,01:30,UTC,11.2
2021,1,13,01:40,UTC,11.6
2021,1,13,01:50,UTC,11.2
2021,1,13,02:00,UTC,11.3
2021,1,13,02:10,UTC,11.9
2021,1,13,02:20,UTC,12.4
2021,1,13,02:30,UTC,11.8
2021,1,13,02:40,UTC,11.1
2021,1,13,02:50,UTC,10.8
2021,1,13,03:00,UTC,11.1
2021,1,13,03:10,UTC,11.3
2021,1,13,03:20,UTC,10.3
2021,1,13,03:30,UTC,10.5
2021,1,13,03:40,UTC,10.3
2021,1,13,03:50,UTC,9.9
2021,1,13,04:00,UTC,10.6
2021,1,13,04:10,UTC,9.9
2021,1,13,04:20,UTC,11.1
2021,1,13,04:30,UTC,11.5
2021,1,13,04:40,UTC,11.8
2021,1,13,04:50,UTC,11.8
2021,1,13,05:00,UTC,11.4
2021,1,13,05:10,UTC,11.9
2021,1,13,05:20,UTC,11.8
2021,1,13,05:30,UTC,12.4
2021,1,13,05:40,UTC,12.4
2021,1,13,05:50,UTC,12.8
2021,1,13,06:00,UTC,13.1
2021,1,13,06:10,UTC,13.4
2021,1,13,06:20,UTC,12.8
2021,1,13,06:30,UTC,13.4
2021,1,13,06:40,UTC,13.4
2021,1,13,06:50,UTC,14
2021,1,13,07:00,UTC,13.5
2021,1,13,07:10,UTC,13.6
2021,1,13,07:20,UTC,13.6
2021,1,13,07:30,UTC,13.3
2021,1,13,07:40,UTC,13.3
2021,1,13,07:50,UTC,13.6
2021,1,13,08:00,UTC,13.8
2021,1,13,08:10,UTC,13.9
2021,1,13,08:20,UTC,14
2021,1,13,08:30,UTC,13.5
2021,1,13,08:40,UTC,14
2021,1,13,08:50,UTC,14.1
2021,1,13,09:00,UTC,13.9
2021,1,13,09:10,UTC,13.7
2021,1,13,09:20,UTC,14
2021,1,13,09:30,UTC,14.2
2021,1,13,09:40,UTC,14.2
2021,1,13,09:50,UTC,13.9
2021,1,13,10:00,UTC,13.6
2021,1,13,10:10,UTC,14.4
2021,1,13,10:20,UTC,14.2
2021,1,13,10:30,UTC,14.1
2021,1,13,10:40,UTC,15.1
2021,1,13,10:50,UTC,14.4
2021,1,13,11:00,UTC,14.3
2021,1,13,11:10,UTC,15
2021,1,13,11:20,UTC,15
2021,1,13,11:30,UTC,15
2021,1,13,11:40,UTC,15.1
2021,1,13,11:50,UTC,14.1
2021,1,13,12:00,UTC,14.7
2021,1,13,12:10,UTC,15.3
2021,1,13,12:20,UTC,14.9
2021,1,13,12:30,UTC,15
2021,1,13,12:40,UTC,14.8
2021,1,13,12:50,UTC,14.4
2021,1,13,13:00,UTC,15
2021,1,13,13:10,UTC,14.3
2021,1,13,13:20,UTC,13.9
2021,1,13,13:30,UTC,14
2021,1,13,13:40,UTC,14
2021,1,13,13:50,UTC,14
2021,1,13,14:00,UTC,14.3
2021,1,13,14:10,UTC,13.3
2021,1,13,14:20,UTC,13.6
2021,1,13,14:30,UTC,13.7
2021,1,13,14:40,UTC,13.6
2021,1,13,14:50,UTC,13.6
2021,1,13,15:00,UTC,14
2021,1,13,15:10,UTC,13.7
2021,1,13,15:20,UTC,13.5
2021,1,13,15:30,UTC,13
2021,1,13,15:40,UTC,13.6
2021,1,13,15:50,UTC,12.7
2021,1,13,16:00,UTC,13.4
2021,1,13,16:10,UTC,13.3
2021,1,13,16:20,UTC,13.4
2021,1,13,16:30,UTC,13.5
2021,1,13,16:40,UTC,13.7
2021,1,13,16:50,UTC,13.8
2021,1,13,17:00,UTC,15.1
2021,1,13,17:10,UTC,14.7
2021,1,13,17:20,UTC,14.2
2021,1,13,17:30,UTC,14.7
2021,1,13,17:40,UTC,14.2
2021,1,13,17:50,UTC,13.9
2021,1,13,18:00,UTC,13.9
2021,1,13,18:10,UTC,13.3
2021,1,13,18:20,UTC,12.9
2021,1,13,18:30,UTC,12.8
2021,1,13,18:40,UTC,12.9
2021,1,13,18:50,UTC,12.5
2021,1,13,19:00,UTC,11.7
2021,1,13,19:10,UTC,12.1
2021,1,13,19:20,UTC,11.3
2021,1,13,19:30,UTC,11.4
2021,1,13,19:40,UTC,11.4
2021,1,13,19:50,UTC,11.1
2021,1,13,20:00,UTC,11.4
2021,1,13,20:10,UTC,10.9
2021,1,13,20:20,UTC,10.7
2021,1,13,20:30,UTC,10.6
2021,1,13,20:40,UTC,10.5
2021,1,13,20:50,UTC,10.2
2021,1,13,21:00,UTC,10.2
2021,1,13,21:10,UTC,9.9
2021,1,13,21:20,UTC,9.6
2021,1,13,21:30,UTC,9.4
2021,1,13,21:40,UTC,9.3
2021,1,13,21:50,UTC,9.4
2021,1,13,22:00,UTC,9.6
2021,1,13,22:10,UTC,10
2021,1,13,22:20,UTC,10.4
2021,1,13,22:30,UTC,10.3
2021,1,13,22:40,UTC,9.9
2021,1,13,22:50,UTC,9.6
2021,1,13,23:00,UTC,9.8
2021,1,13,23:10,UTC,9.7
2021,1,13,23:20,UTC,9.3
2021,1,13,23:30,UTC,9.1
2021,1,13,23:40,UTC,9.4
2021,1,13,23:50,UTC,10
2021,1,14,00:00,UTC,9.4
2021,1,14,00:10,UTC,9.6
2021,1,14,00:20,UTC,9.8
2021,1,14,00:30,UTC,9.8
2021,1,14,00:40,UTC,9
2021,1,14,00:50,UTC,9.1
2021,1,14,01:00,UTC,8.8
2021,1,14,01:10,UTC,8.4
2021,1,14,01:20,UTC,8
2021,1,14,01:30,UTC,7.7
2021,1,14,01:40,UTC,7.5
2021,1,14,01:50,UTC,7.6
2021,1,14,02:00,UTC,7.7
2021,1,14,02:10,UTC,7.7
2021,1,14,02:20,UTC,7.8
2021,1,14,02:30,UTC,7.8
2021,1,14,02:40,UTC,8.1
2021,1,14,02:50,UTC,8.4
2021,1,14,03:00,UTC,8.2
2021,1,14,03:10,UTC,7.8
2021,1,14,03:20,UTC,8.1
2021,1,14,03:30,UTC,8.5
2021,1,14,03:40,UTC,8.6
2021,1,14,03:50,UTC,7.9
2021,1,14,04:00,UTC,8
2021,1,14,04:10,UTC,7.6
2021,1,14,04:20,UTC,7.3
2021,1,14,04:30,UTC,7.3
2021,1,14,04:40,UTC,7.2
2021,1,14,04:50,UTC,7.2
2021,1,14,05:00,UTC,7.2
2021,1,14,05:10,UTC,7.6
2021,1,14,05:20,UTC,8.3
2021,1,14,05:30,UTC,8.2
2021,1,14,05:40,UTC,7.2
2021,1,14,05:50,UTC,7.3
2021,1,14,06:00,UTC,7.6
2021,1,14,06:10,UTC,7
2021,1,14,06:20,UTC,7.1
2021,1,14,06:30,UTC,7.6
2021,1,14,06:40,UTC,7.2
2021,1,14,06:50,UTC,6.8
2021,1,14,07:00,UTC,6.7
2021,1,14,07:10,UTC,6.2
2021,1,14,07:20,UTC,5.8
2021,1,14,07:30,UTC,5.7
2021,1,14,07:40,UTC,5.4
2021,1,14,07:50,UTC,5.4
2021,1,14,08:00,UTC,5.6
2021,1,14,08:10,UTC,5.7
2021,1,14,08:20,UTC,5.7
2021,1,14,08:30,UTC,5.1
2021,1,14,08:40,UTC,5.2
2021,1,14,08:50,UTC,5.1
2021,1,14,09:00,UTC,6.2
2021,1,14,09:10,UTC,6.7
2021,1,14,09:20,UTC,6.3
2021,1,14,09:30,UTC,6.1
2021,1,14,09:40,UTC,6.2
2021,1,14,09:50,UTC,6.2
2021,1,14,10:00,UTC,5.9
2021,1,14,10:10,UTC,5.5
2021,1,14,10:20,UTC,5.5
2021,1,14,10:30,UTC,5.3
2021,1,14,10:40,UTC,6.2
2021,1,14,10:50,UTC,5.7
2021,1,14,11:00,UTC,6.1
2021,1,14,11:10,UTC,6.2
2021,1,14,11:20,UTC,6.4
2021,1,14,11:30,UTC,6.3
2021,1,14,11:40,UTC,5.8
2021,1,14,11:50,UTC,6
2021,1,14,12:00,UTC,6.3
2021,1,14,12:10,UTC,6.6
2021,1,14,12:20,UTC,6.8
2021,1,14,12:30,UTC,6.8
2021,1,14,12:40,UTC,6.9
2021,1,14,12:50,UTC,7.3
2021,1,14,13:00,UTC,7.5
2021,1,14,13:10,UTC,7.6
2021,1,14,13:20,UTC,7.8
2021,1,14,13:30,UTC,6.8
2021,1,14,13:40,UTC,6.7
2021,1,14,13:50,UTC,7
2021,1,14,14:00,UTC,7.1
2021,1,14,14:10,UTC,7.2
2021,1,14,14:20,UTC,6.4
2021,1,14,14:30,UTC,6.3
2021,1,14,14:40,UTC,6.6
2021,1,14,14:50,UTC,7.2
2021,1,14,15:00,UTC,6.8
2021,1,14,15:10,UTC,6.6
2021,1,14,15:20,UTC,6.5
2021,1,14,15:30,UTC,6.1
2021,1,14,15:40,UTC,6.3
2021,1,14,15:50,UTC,6.4
2021,1,14,16:00,UTC,6.6
2021,1,14,16:10,UTC,6.2
2021,1,14,16:20,UTC,6.8
2021,1,14,16:30,UTC,6.6
2021,1,14,16:40,UTC,6.2
2021,1,14,16:50,UTC,7.3
2021,1,14,17:00,UTC,7.5
2021,1,14,17:10,UTC,7.1
2021,1,14,17:20,UTC,7.3
2021,1,14,17:30,UTC,8
2021,1,14,17:40,UTC,7.9
2021,1,14,17:50,UTC,7.8
2021,1,14,18:00,UTC,8
2021,1,14,18:10,UTC,7.5
2021,1,14,18:20,UTC,7.7
2021,1,14,18:30,UTC,8
2021,1,14,18:40,UTC,7.8
2021,1,14,18:50,UTC,7.7
2021,1,14,19:00,UTC,7.8
2021,1,14,19:10,UTC,7.6
2021,1,14,19:20,UTC,7.3
2021,1,14,19:30,UTC,7
2021,1,14,19:40,UTC,7
2021,1,14,19:50,UTC,6.8
2021,1,14,20:00,UTC,6.2
2021,1,14,20:10,UTC,6
2021,1,14,20:20,UTC,5.8
2021,1,14,20:30,UTC,5.7
2021,1,14,20:40,UTC,6.1
2021,1,14,20:50,UTC,5.8
2021,1,14,21:00,UTC,5.9
2021,1,14,21:10,UTC,5.7
2021,1,14,21:20,UTC,5.6
2021,1,14,21:30,UTC,5.7
2021,1,14,21:40,UTC,5.8
2021,1,14,21:50,UTC,5.8
2021,1,14,22:00,UTC,6.2
2021,1,14,22:10,UTC,5.8
2021,1,14,22:20,UTC,5.8
2021,1,14,22:30,UTC,5.9
2021,1,14,22:40,UTC,5.7
2021,1,14,22:50,UTC,5.7
2021,1,14,23:00,UTC,5.5
2021,1,14,23:10,UTC,5.3
2021,1,14,23:20,UTC,5.1
2021,1,14,23:30,UTC,5
2021,1,14,23:40,UTC,5.3
2021,1,14,23:50,UTC,5.3
2021,1,15,00:00,UTC,5.6
2021,1,15,00:10,UTC,5.5
2021,1,15,00:20,UTC,5.5
2021,1,15,00:30,UTC,5.7
2021,1,15,00:40,UTC,6.1
2021,1,15,00:50,UTC,6.4
2021,1,15,01:00,UTC,6.1
2021,1,15,01:10,UTC,6
2021,1,15,01:20,UTC,5.8
2021,1,15,01:30,UTC,5.5
2021,1,15,01:40,UTC,5.3
2021,1,15,01:50,UTC,5.6
2021,1,15,02:00,UTC,5.5
2021,1,15,02:10,UTC,5.4
2021,1,15,02:20,UTC,5.5
2021,1,15,02:30,UTC,5.6
2021,1,15,02:40,UTC,5.4
2021,1,15,02:50,UTC,5.7
2021,1,15,03:00,UTC,5.8
2021,1,15,03:10,UTC,5.7
2021,1,15,03:20,UTC,6.1
2021,1,15,03:30,UTC,5.9
2021,1,15,03:40,UTC,6.1
2021,1,15,03:50,UTC,5.4
2021,1,15,04:00,UTC,5.8
2021,1,15,04:10,UTC,6.2
2021,1,15,04:20,UTC,6.4
2021,1,15,04:30,UTC,5.6
2021,1,15,04:40,UTC,5.5
2021,1,15,04:50,UTC,5.9
2021,1,15,05:00,UTC,5.8
2021,1,15,05:10,UTC,5.4
2021,1,15,05:20,UTC,5.6
2021,1,15,05:30,UTC,5.2
2021,1,15,05:40,UTC,5.2
2021,1,15,05:50,UTC,4.8
2021,1,15,06:00,UTC,4.4
2021,1,15,06:10,UTC,4.6
2021,1,15,06:20,UTC,4.9
2021,1,15,06:30,UTC,4.9
2021,1,15,06:40,UTC,4.6
2021,1,15,06:50,UTC,4.7
2021,1,15,07:00,UTC,4.6
2021,1,15,07:10,UTC,4.8
2021,1,15,07:20,UTC,4.9
2021,1,15,07:30,UTC,4.9
2021,1,15,07:40,UTC,4.7
2021,1,15,07:50,UTC,5
2021,1,15,08:00,UTC,4.7
2021,1,15,08:10,UTC,4.7
2021,1,15,08:20,UTC,4.2
2021,1,15,08:30,UTC,4.1
2021,1,15,08:40,UTC,4
2021,1,15,08:50,UTC,4
2021,1,15,09:00,UTC,4.1
2021,1,15,09:10,UTC,4.3
2021,1,15,09:20,UTC,3.9
2021,1,15,09:30,UTC,4
2021,1,15,09:40,UTC,3.8
2021,1,15,09:50,UTC,3.6
2021,1,15,10:00,UTC,3.7
2021,1,15,10:10,UTC,3.5
2021,1,15,10:20,UTC,3.7
2021,1,15,10:30,UTC,3.7
2021,1,15,10:40,UTC,3.3
2021,1,15,10:50,UTC,3.1
2021,1,15,11:00,UTC,3.2
2021,1,15,11:10,UTC,2.9
2021,1,15,11:20,UTC,3.6
2021,1,15,11:30,UTC,3.5
2021,1,15,11:40,UTC,3
2021,1,15,11:50,UTC,3.2
2021,1,15,12:00,UTC,2.9
2021,1,15,12:10,UTC,2.8
2021,1,15,12:20,UTC,2.5
2021,1,15,12:30,UTC,2.7
2021,1,15,12:40,UTC,2.7
2021,1,15,12:50,UTC,2.2
2021,1,15,13:00,UTC,2.2
2021,1,15,13:10,UTC,1.7
2021,1,15,13:20,UTC,2.1
2021,1,15,13:30,UTC,2.2
2021,1,15,13:40,UTC,2.4
2021,1,15,13:50,UTC,2.2
2021,1,15,14:00,UTC,1.9
2021,1,15,14:10,UTC,2
2021,1,15,14:20,UTC,2
2021,1,15,14:30,UTC,2.1
2021,1,15,14:40,UTC,2.4
2021,1,15,14:50,UTC,2.5
2021,1,15,15:00,UTC,1.9
2021,1,15,15:10,UTC,2.2
2021,1,15,15:20,UTC,1.8
2021,1,15,15:30,UTC,1.8
2021,1,15,15:40,UTC,1.7
2021,1,15,15:50,UTC,1.9
2021,1,15,16:00,UTC,1.9
2021,1,15,16:10,UTC,2
2021,1,15,16:20,UTC,1.9
2021,1,15,16:30,UTC,1.9
2021,1,15,16:40,UTC,2.5
2021,1,15,16:50,UTC,2.6
2021,1,15,17:00,UTC,3.3
2021,1,15,17:10,UTC,3.2
2021,1,15,17:20,UTC,3.1
2021,1,15,17:30,UTC,3.5
2021,1,15,17:40,UTC,3.6
2021,1,15,17:50,UTC,3.6
2021,1,15,18:00,UTC,4.1
2021,1,15,18:10,UTC,4.2
2021,1,15,18:20,UTC,3.9
2021,1,15,18:30,UTC,3.6
2021,1,15,18:40,UTC,4.4
2021,1,15,18:50,UTC,4.3
2021,1,15,19:00,UTC,4.6
2021,1,15,19:10,UTC,4.2
2021,1,15,19:20,UTC,4.6
2021,1,15,19:30,UTC,4.1
2021,1,15,19:40,UTC,4.4
2021,1,15,19:50,UTC,4.7
2021,1,15,20:00,UTC,4.7
2021,1,15,20:10,UTC,4.3
2021,1,15,20:20,UTC,2.6
2021,1,15,20:30,UTC,2.8
2021,1,15,20:40,UTC,7
2021,1,15,20:50,UTC,7.2
2021,1,15,21:00,UTC,7.2
2021,1,15,21:10,UTC,6.6
2021,1,15,21:20,UTC,6.2
2021,1,15,21:30,UTC,5.8
2021,1,15,21:40,UTC,5.8
2021,1,15,21:50,UTC,6.8
2021,1,15,22:00,UTC,7.7
2021,1,15,22:10,UTC,7.8
2021,1,15,22:20,UTC,9.3
2021,1,15,22:30,UTC,8.1
2021,1,15,22:40,UTC,7.5
2021,1,15,22:50,UTC,7.9
2021,1,15,23:00,UTC,7.6
2021,1,15,23:10,UTC,7.3
2021,1,15,23:20,UTC,7.3
2021,1,15,23:30,UTC,7.6
2021,1,15,23:40,UTC,7.8
2021,1,15,23:50,UTC,7.4
2021,1,16,00:00,UTC,7.3
2021,1,16,00:10,UTC,7.5
2021,1,16,00:20,UTC,7.8
2021,1,16,00:30,UTC,7.4
2021,1,16,00:40,UTC,7.7
2021,1,16,00:50,UTC,8.9
2021,1,16,01:00,UTC,8.8
2021,1,16,01:10,UTC,8.4
2021,1,16,01:20,UTC,8.2
2021,1,16,01:30,UTC,8.7
2021,1,16,01:40,UTC,8.6
2021,1,16,01:50,UTC,7.8
2021,1,16,02:00,UTC,7.6
2021,1,16,02:10,UTC,7.9
2021,1,16,02:20,UTC,8.3
2021,1,16,02:30,UTC,8.5
2021,1,16,02:40,UTC,9.6
2021,1,16,02:50,UTC,10.7
2021,1,16,03:00,UTC,10.1
2021,1,16,03:10,UTC,10.1
2021,1,16,03:20,UTC,9.2
2021,1,16,03:30,UTC,9
2021,1,16,03:40,UTC,9.2
2021,1,16,03:50,UTC,8.4
2021,1,16,04:00,UTC,7.8
2021,1,16,04:10,UTC,6.8
2021,1,16,04:20,UTC,7.5
2021,1,16,04:30,UTC,8.4
2021,1,16,04:40,UTC,8
2021,1,16,04:50,UTC,7.5
2021,1,16,05:00,UTC,6.8
2021,1,16,05:10,UTC,6.7
2021,1,16,05:20,UTC,6.8
2021,1,16,05:30,UTC,6.4
2021,1,16,05:40,UTC,6.5
2021,1,16,05:50,UTC,6.7
2021,1,16,06:00,UTC,7.3
2021,1,16,06:10,UTC,7.1
2021,1,16,06:20,UTC,7.2
2021,1,16,06:30,UTC,6.9
2021,1,16,06:40,UTC,6.7
2021,1,16,06:50,UTC,6.7
2021,1,16,07:00,UTC,6.2
2021,1,16,07:10,UTC,5.5
2021,1,16,07:20,UTC,6.2
2021,1,16,07:30,UTC,6.4
2021,1,16,07:40,UTC,5.5
2021,1,16,07:50,UTC,4.9
2021,1,16,08:00,UTC,4.7
2021,1,16,08:10,UTC,4.9
2021,1,16,08:20,UTC,4.3
2021,1,16,08:30,UTC,4.2
2021,1,16,08:40,UTC,4.2
2021,1,16,08:50,UTC,4.6
2021,1,16,09:00,UTC,4.4
2021,1,16,09:10,UTC,4.5
2021,1,16,09:20,UTC,4.8
2021,1,16,09:30,UTC,4.9
2021,1,16,09:40,UTC,5.4
2021,1,16,09:50,UTC,5.3
2021,1,16,10:00,UTC,5.4
2021,1,16,10:10,UTC,5.1
2021,1,16,10:20,UTC,5.1
2021,1,16,10:30,UTC,6.1
2021,1,16,10:40,UTC,6.3
2021,1,16,10:50,UTC,5.7
2021,1,16,11:00,UTC,5
2021,1,16,11:10,UTC,4.7
2021,1,16,11:20,UTC,3.8
2021,1,16,11:30,UTC,3.8
2021,1,16,11:40,UTC,3.5
2021,1,16,11:50,UTC,3.1
2021,1,16,12:00,UTC,2.7
2021,1,16,12:10,UTC,2.5
2021,1,16,12:20,UTC,2.8
2021,1,16,12:30,UTC,1.3
2021,1,16,12:40,UTC,2
2021,1,16,12:50,UTC,2.2
2021,1,16,13:00,UTC,2.1
2021,1,16,13:10,UTC,1.9
2021,1,16,13:20,UTC,2
2021,1,16,13:30,UTC,2
2021,1,16,13:40,UTC,2.9
2021,1,16,13:50,UTC,3.8
2021,1,16,14:00,UTC,3.3
2021,1,16,14:10,UTC,3.5
2021,1,16,14:20,UTC,3.1
2021,1,16,14:30,UTC,2.9
2021,1,16,14:40,UTC,3.7
2021,1,16,14:50,UTC,3
2021,1,16,15:00,UTC,2.7
2021,1,16,15:10,UTC,3.1
2021,1,16,15:20,UTC,3.4
2021,1,16,15:30,UTC,3.6
2021,1,16,15:40,UTC,1.7
2021,1,16,15:50,UTC,1.9
2021,1,16,16:00,UTC,1.8
2021,1,16,16:10,UTC,2.1
2021,1,16,16:20,UTC,1.7
2021,1,16,16:30,UTC,2.1
2021,1,16,16:40,UTC,0.9
2021,1,16,16:50,UTC,0.6
2021,1,16,17:00,UTC,1.1
2021,1,16,17:10,UTC,1.4
2021,1,16,17:20,UTC,1.5
2021,1,16,17:30,UTC,1.2
2021,1,16,17:40,UTC,1.5
2021,1,16,17:50,UTC,2
2021,1,16,18:00,UTC,2.2
2021,1,16,18:10,UTC,1.4
2021,1,16,18:20,UTC,2.4
2021,1,16,18:30,UTC,2
2021,1,16,18:40,UTC,1.4
2021,1,16,18:50,UTC,1.9
2021,1,16,19:00,UTC,1.9
2021,1,16,19:10,UTC,1.3
2021,1,16,19:20,UTC,1.6
2021,1,16,19:30,UTC,2
2021,1,16,19:40,UTC,1.7
2021,1,16,19:50,UTC,2
2021,1,16,20:00,UTC,1.4
2021,1,16,20:10,UTC,1
2021,1,16,20:20,UTC,1.5
2021,1,16,20:30,UTC,1.3
2021,1,16,20:40,UTC,1.8
2021,1,16,20:50,UTC,0.7
2021,1,16,21:00,UTC,1.3
2021,1,16,21:10,UTC,0.9
2021,1,16,21:20,UTC,1.2
2021,1,16,21:30,UTC,1.3
2021,1,16,21:40,UTC,1
2021,1,16,21:50,UTC,0.9
2021,1,16,22:00,UTC,2.2
2021,1,16,22:10,UTC,1.3
2021,1,16,22:20,UTC,1.1
2021,1,16,22:30,UTC,0.6
2021,1,16,22:40,UTC,1.1
2021,1,16,22:50,UTC,0.8
2021,1,16,23:00,UTC,0.8
2021,1,16,23:10,UTC,0.6
2021,1,16,23:20,UTC,0.7
2021,1,16,23:30,UTC,1.2
2021,1,16,23:40,UTC,2.4
2021,1,16,23:50,UTC,1.6
2021,1,17,00:00,UTC,2.2
2021,1,17,00:10,UTC,2.1
2021,1,17,00:20,UTC,2.7
2021,1,17,00:30,UTC,2.7
2021,1,17,00:40,UTC,2.4
2021,1,17,00:50,UTC,3
2021,1,17,01:00,UTC,3.6
2021,1,17,01:10,UTC,3.5
2021,1,17,01:20,UTC,2.5
2021,1,17,01:30,UTC,3.3
2021,1,17,01:40,UTC,4.1
2021,1,17,01:50,UTC,4.5
2021,1,17,02:00,UTC,4.7
2021,1,17,02:10,UTC,4.7
2021,1,17,02:20,UTC,4.3
2021,1,17,02:30,UTC,4
2021,1,17,02:40,UTC,3.9
2021,1,17,02:50,UTC,3.7
2021,1,17,03:00,UTC,3.2
2021,1,17,03:10,UTC,3
2021,1,17,03:20,UTC,3.5
2021,1,17,03:30,UTC,3.1
2021,1,17,03:40,UTC,3.3
2021,1,17,03:50,UTC,3.2
2021,1,17,04:00,UTC,3.4
2021,1,17,04:10,UTC,3.8
2021,1,17,04:20,UTC,4
2021,1,17,04:30,UTC,3.9
2021,1,17,04:40,UTC,4.3
2021,1,17,04:50,UTC,4.5
2021,1,17,05:00,UTC,4.6
2021,1,17,05:10,UTC,3.5
2021,1,17,05:20,UTC,4.1
2021,1,17,05:30,UTC,4.3
2021,1,17,05:40,UTC,4.2
2021,1,17,05:50,UTC,4.6
2021,1,17,06:00,UTC,4.4
2021,1,17,06:10,UTC,3.8
2021,1,17,06:20,UTC,3.7
2021,1,17,06:30,UTC,3.4
2021,1,17,06:40,UTC,2.7
2021,1,17,06:50,UTC,2.1
2021,1,17,07:00,UTC,2
2021,1,17,07:10,UTC,1.4
2021,1,17,07:20,UTC,2
2021,1,17,07:30,UTC,2.7
2021,1,17,07:40,UTC,2.3
2021,1,17,07:50,UTC,2.3
2021,1,17,08:00,UTC,1
2021,1,17,08:10,UTC,1.5
2021,1,17,08:20,UTC,1.6
2021,1,17,08:30,UTC,1.8
2021,1,17,08:40,UTC,2
2021,1,17,08:50,UTC,2.4
2021,1,17,09:00,UTC,2.5
2021,1,17,09:10,UTC,2.7
2021,1,17,09:20,UTC,1.9
2021,1,17,09:30,UTC,1.9
2021,1,17,09:40,UTC,0.8
2021,1,17,09:50,UTC,2
2021,1,17,10:00,UTC,2.9
2021,1,17,10:10,UTC,2.7
2021,1,17,10:20,UTC,2.2
2021,1,17,10:30,UTC,2.6
2021,1,17,10:40,UTC,1.2
2021,1,17,10:50,UTC,1.8
2021,1,17,11:00,UTC,2
2021,1,17,11:10,UTC,1.6
2021,1,17,11:20,UTC,1.4
2021,1,17,11:30,UTC,1.8
2021,1,17,11:40,UTC,2.2
2021,1,17,11:50,UTC,1.9
2021,1,17,12:00,UTC,2.3
2021,1,17,12:10,UTC,2.5
2021,1,17,12:20,UTC,2.2
2021,1,17,12:30,UTC,2
2021,1,17,12:40,UTC,2.7
2021,1,17,12:50,UTC,2.3
2021,1,17,13:00,UTC,2.3
2021,1,17,13:10,UTC,2
2021,1,17,13:20,UTC,2.9
2021,1,17,13:30,UTC,3.2
2021,1,17,13:40,UTC,3.5
2021,1,17,13:50,UTC,3.7
2021,1,17,14:00,UTC,3.9
2021,1,17,14:10,UTC,3.7
2021,1,17,14:20,UTC,3.5
2021,1,17,14:30,UTC,3.5
2021,1,17,14:40,UTC,3.4
2021,1,17,14:50,UTC,3.7
2021,1,17,15:00,UTC,3.6
2021,1,17,15:10,UTC,3.4
2021,1,17,15:20,UTC,4
2021,1,17,15:30,UTC,4.2
2021,1,17,15:40,UTC,4.4
2021,1,17,15:50,UTC,4.5
2021,1,17,16:00,UTC,4.8
2021,1,17,16:10,UTC,4.6
2021,1,17,16:20,UTC,4.9
2021,1,17,16:30,UTC,5.3
2021,1,17,16:40,UTC,5.3
2021,1,17,16:50,UTC,5.3
2021,1,17,17:00,UTC,5.2
2021,1,17,17:10,UTC,5.3
2021,1,17,17:20,UTC,5.2
2021,1,17,17:30,UTC,4.9
2021,1,17,17:40,UTC,4.9
2021,1,17,17:50,UTC,5.1
2021,1,17,18:00,UTC,5.1
2021,1,17,18:10,UTC,5.3
2021,1,17,18:20,UTC,5.4
2021,1,17,18:30,UTC,5.7
2021,1,17,18:40,UTC,5.5
2021,1,17,18:50,UTC,5.1
2021,1,17,19:00,UTC,5.2
2021,1,17,19:10,UTC,5.3
2021,1,17,19:20,UTC,5.2
2021,1,17,19:30,UTC,4.7
2021,1,17,19:40,UTC,3.5
2021,1,17,19:50,UTC,3
2021,1,17,20:00,UTC,2.8
2021,1,17,20:10,UTC,2.1
2021,1,17,20:20,UTC,1.1
2021,1,17,20:30,UTC,0.6
2021,1,17,20:40,UTC,4
2021,1,17,20:50,UTC,5.8
2021,1,17,21:00,UTC,6
2021,1,17,21:10,UTC,6.1
2021,1,17,21:20,UTC,6.1
2021,1,17,21:30,UTC,6.5
2021,1,17,21:40,UTC,6.5
2021,1,17,21:50,UTC,7
2021,1,17,22:00,UTC,6.3
2021,1,17,22:10,UTC,6.2
2021,1,17,22:20,UTC,6
2021,1,17,22:30,UTC,5.8
2021,1,17,22:40,UTC,5.7
2021,1,17,22:50,UTC,5
2021,1,17,23:00,UTC,5
2021,1,17,23:10,UTC,6
2021,1,17,23:20,UTC,5.8
2021,1,17,23:30,UTC,6.2
2021,1,17,23:40,UTC,6.3
2021,1,17,23:50,UTC,6.3
2021,1,18,00:00,UTC,6.3
2021,1,18,00:10,UTC,6
2021,1,18,00:20,UTC,5.3
2021,1,18,00:30,UTC,5.8
2021,1,18,00:40,UTC,5.3
2021,1,18,00:50,UTC,5.8
2021,1,18,01:00,UTC,5.8
2021,1,18,01:10,UTC,4.7
2021,1,18,01:20,UTC,6
2021,1,18,01:30,UTC,6.7
2021,1,18,01:40,UTC,6.3
2021,1,18,01:50,UTC,6.3
2021,1,18,02:00,UTC,4.6
2021,1,18,02:10,UTC,5.5
2021,1,18,02:20,UTC,6.8
2021,1,18,02:30,UTC,6.2
2021,1,18,02:40,UTC,6.4
2021,1,18,02:50,UTC,6.8
2021,1,18,03:00,UTC,7.1
2021,1,18,03:10,UTC,6.4
2021,1,18,03:20,UTC,7.2
2021,1,18,03:30,UTC,6.8
2021,1,18,03:40,UTC,6.6
2021,1,18,03:50,UTC,6.2
2021,1,18,04:00,UTC,7.4
2021,1,18,04:10,UTC,7.1
2021,1,18,04:20,UTC,6.4
2021,1,18,04:30,UTC,5.9
2021,1,18,04:40,UTC,6.4
2021,1,18,04:50,UTC,5.5
2021,1,18,05:00,UTC,6.1
2021,1,18,05:10,UTC,6.3
2021,1,18,05:20,UTC,6.9
2021,1,18,05:30,UTC,6.9
2021,1,18,05:40,UTC,7
2021,1,18,05:50,UTC,-
2021,1,18,06:00,UTC,-
2021,1,18,06:10,UTC,6.7
2021,1,18,06:20,UTC,7.7
2021,1,18,06:30,UTC,7.1
2021,1,18,06:40,UTC,8.3
2021,1,18,06:50,UTC,8.4
2021,1,18,07:00,UTC,6.8
2021,1,18,07:10,UTC,7.2
2021,1,18,07:20,UTC,6.8
2021,1,18,07:30,UTC,6.7
2021,1,18,07:40,UTC,6.9
2021,1,18,07:50,UTC,6.7
2021,1,18,08:00,UTC,7
2021,1,18,08:10,UTC,6.5
2021,1,18,08:20,UTC,6.8
2021,1,18,08:30,UTC,6.8
2021,1,18,08:40,UTC,6.8
2021,1,18,08:50,UTC,6.9
2021,1,18,09:00,UTC,6.6
2021,1,18,09:10,UTC,6.3
2021,1,18,09:20,UTC,6.4
2021,1,18,09:30,UTC,6.9
2021,1,18,09:40,UTC,6.6
2021,1,18,09:50,UTC,6.8
2021,1,18,10:00,UTC,6.9
2021,1,18,10:10,UTC,7.3
2021,1,18,10:20,UTC,6.9
2021,1,18,10:30,UTC,6.5
2021,1,18,10:40,UTC,7.7
2021,1,18,10:50,UTC,6.4
2021,1,18,11:00,UTC,6.7
2021,1,18,11:10,UTC,7
2021,1,18,11:20,UTC,6
2021,1,18,11:30,UTC,6.5
2021,1,18,11:40,UTC,5.7
2021,1,18,11:50,UTC,6.3
2021,1,18,12:00,UTC,5.7
2021,1,18,12:10,UTC,6.5
2021,1,18,12:20,UTC,5.6
2021,1,18,12:30,UTC,5.7
2021,1,18,12:40,UTC,6.4
2021,1,18,12:50,UTC,6.3
2021,1,18,13:00,UTC,6.5
2021,1,18,13:10,UTC,6.5
2021,1,18,13:20,UTC,6.5
2021,1,18,13:30,UTC,6.9
2021,1,18,13:40,UTC,6.3
2021,1,18,13:50,UTC,6.1
2021,1,18,14:00,UTC,6.3
2021,1,18,14:10,UTC,6.4
2021,1,18,14:20,UTC,6.2
2021,1,18,14:30,UTC,6.1
2021,1,18,14:40,UTC,6.4
2021,1,18,14:50,UTC,6.1
2021,1,18,15:00,UTC,6.9
2021,1,18,15:10,UTC,6.4
2021,1,18,15:20,UTC,7.1
2021,1,18,15:30,UTC,7.2
2021,1,18,15:40,UTC,6.6
2021,1,18,15:50,UTC,7.1
2021,1,18,16:00,UTC,6.8
2021,1,18,16:10,UTC,7
2021,1,18,16:20,UTC,7.1
2021,1,18,16:30,UTC,6.3
2021,1,18,16:40,UTC,7.2
2021,1,18,16:50,UTC,6.9
2021,1,18,17:00,UTC,7.5
2021,1,18,17:10,UTC,7.2
2021,1,18,17:20,UTC,7.6
2021,1,18,17:30,UTC,7.7
2021,1,18,17:40,UTC,7.3
2021,1,18,17:50,UTC,7.8
2021,1,18,18:00,UTC,7.3
2021,1,18,18:10,UTC,7.2
2021,1,18,18:20,UTC,7.1
2021,1,18,18:30,UTC,6.7
2021,1,18,18:40,UTC,6
2021,1,18,18:50,UTC,6.9
2021,1,18,19:00,UTC,7.2
2021,1,18,19:10,UTC,7.1
2021,1,18,19:20,UTC,7.7
2021,1,18,19:30,UTC,7.2
2021,1,18,19:40,UTC,7.1
2021,1,18,19:50,UTC,7.3
2021,1,18,20:00,UTC,7.2
2021,1,18,20:10,UTC,7.5
2021,1,18,20:20,UTC,7
2021,1,18,20:30,UTC,7.3
2021,1,18,20:40,UTC,6.6
2021,1,18,20:50,UTC,6.6
2021,1,18,21:00,UTC,6.9
2021,1,18,21:10,UTC,7.3
2021,1,18,21:20,UTC,6.3
2021,1,18,21:30,UTC,7.4
2021,1,18,21:40,UTC,7.3
2021,1,18,21:50,UTC,7.2
2021,1,18,22:00,UTC,7.5
2021,1,18,22:10,UTC,7.8
2021,1,18,22:20,UTC,7.3
2021,1,18,22:30,UTC,6.8
2021,1,18,22:40,UTC,7.3
2021,1,18,22:50,UTC,6.8
2021,1,18,23:00,UTC,8
2021,1,18,23:10,UTC,7.4
2021,1,18,23:20,UTC,7.3
2021,1,18,23:30,UTC,6.6
2021,1,18,23:40,UTC,7.2
2021,1,18,23:50,UTC,6.6
2021,1,19,00:00,UTC,6.9
2021,1,19,00:10,UTC,6.3
2021,1,19,00:20,UTC,5.9
2021,1,19,00:30,UTC,5.8
2021,1,19,00:40,UTC,6.3
2021,1,19,00:50,UTC,6
2021,1,19,01:00,UTC,6.4
2021,1,19,01:10,UTC,6.7
2021,1,19,01:20,UTC,6.6
2021,1,19,01:30,UTC,6.6
2021,1,19,01:40,UTC,6.9
2021,1,19,01:50,UTC,7.1
2021,1,19,02:00,UTC,7.1
2021,1,19,02:10,UTC,7.2
2021,1,19,02:20,UTC,7
2021,1,19,02:30,UTC,6.7
2021,1,19,02:40,UTC,6.7
2021,1,19,02:50,UTC,5.6
2021,1,19,03:00,UTC,6.4
2021,1,19,03:10,UTC,6.6
2021,1,19,03:20,UTC,6.4
2021,1,19,03:30,UTC,6.5
2021,1,19,03:40,UTC,7.1
2021,1,19,03:50,UTC,6.9
2021,1,19,04:00,UTC,7.3
2021,1,19,04:10,UTC,7
2021,1,19,04:20,UTC,7.7
2021,1,19,04:30,UTC,7.1
2021,1,19,04:40,UTC,6.3
2021,1,19,04:50,UTC,6.5
2021,1,19,05:00,UTC,6.6
2021,1,19,05:10,UTC,6
2021,1,19,05:20,UTC,6.1
2021,1,19,05:30,UTC,6.1
2021,1,19,05:40,UTC,5.7
2021,1,19,05:50,UTC,5.9
2021,1,19,06:00,UTC,6.3
2021,1,19,06:10,UTC,6.2
2021,1,19,06:20,UTC,5.7
2021,1,19,06:30,UTC,5
2021,1,19,06:40,UTC,4.9
2021,1,19,06:50,UTC,5.2
2021,1,19,07:00,UTC,4.9
2021,1,19,07:10,UTC,5.3
2021,1,19,07:20,UTC,5.3
2021,1,19,07:30,UTC,5.5
2021,1,19,07:40,UTC,5.5
2021,1,19,07:50,UTC,5.2
2021,1,19,08:00,UTC,5.4
2021,1,19,08:10,UTC,5.4
2021,1,19,08:20,UTC,5.1
2021,1,19,08:30,UTC,5.1
2021,1,19,08:40,UTC,5.3
2021,1,19,08:50,UTC,5.7
2021,1,19,09:00,UTC,5.9
2021,1,19,09:10,UTC,5.9
2021,1,19,09:20,UTC,5.7
2021,1,19,09:30,UTC,5.1
2021,1,19,09:40,UTC,4.8
2021,1,19,09:50,UTC,5
2021,1,19,10:00,UTC,5.5
2021,1,19,10:10,UTC,5.7
2021,1,19,10:20,UTC,5.2
2021,1,19,10:30,UTC,5.6
2021,1,19,10:40,UTC,5.8
2021,1,19,10:50,UTC,5.1
2021,1,19,11:00,UTC,5.1
2021,1,19,11:10,UTC,5
2021,1,19,11:20,UTC,4.7
2021,1,19,11:30,UTC,4.4
2021,1,19,11:40,UTC,4.3
2021,1,19,11:50,UTC,4.2
2021,1,19,12:00,UTC,4.3
2021,1,19,12:10,UTC,4
2021,1,19,12:20,UTC,4.1
2021,1,19,12:30,UTC,4.6
2021,1,19,12:40,UTC,4.3
2021,1,19,12:50,UTC,4.6
2021,1,19,13:00,UTC,4.7
2021,1,19,13:10,UTC,5.2
2021,1,19,13:20,UTC,4.8
2021,1,19,13:30,UTC,4.8
2021,1,19,13:40,UTC,4.8
2021,1,19,13:50,UTC,4.9
2021,1,19,14:00,UTC,4.3
2021,1,19,14:10,UTC,4.5
2021,1,19,14:20,UTC,6.6
2021,1,19,14:30,UTC,7.2
2021,1,19,14:40,UTC,7.1
2021,1,19,14:50,UTC,6.3
2021,1,19,15:00,UTC,6.6
2021,1,19,15:10,UTC,7.4
2021,1,19,15:20,UTC,6.5
2021,1,19,15:30,UTC,6.7
2021,1,19,15:40,UTC,6.3
2021,1,19,15:50,UTC,5.2
2021,1,19,16:00,UTC,4.8
2021,1,19,16:10,UTC,7.2
2021,1,19,16:20,UTC,7.1
2021,1,19,16:30,UTC,6.8
2021,1,19,16:40,UTC,6.5
2021,1,19,16:50,UTC,6.7
2021,1,19,17:00,UTC,5.9
2021,1,19,17:10,UTC,6.2
2021,1,19,17:20,UTC,5.4
2021,1,19,17:30,UTC,5.2
2021,1,19,17:40,UTC,5.4
2021,1,19,17:50,UTC,5.2
2021,1,19,18:00,UTC,5.4
2021,1,19,18:10,UTC,4.9
2021,1,19,18:20,UTC,5.4
2021,1,19,18:30,UTC,7.7
2021,1,19,18:40,UTC,6.9
2021,1,19,18:50,UTC,6.7
2021,1,19,19:00,UTC,6.2
2021,1,19,19:10,UTC,7
2021,1,19,19:20,UTC,7.3
2021,1,19,19:30,UTC,7.3
2021,1,19,19:40,UTC,7.7
2021,1,19,19:50,UTC,7.7
2021,1,19,20:00,UTC,8.4
2021,1,19,20:10,UTC,8.3
2021,1,19,20:20,UTC,7.5
2021,1,19,20:30,UTC,8.9
2021,1,19,20:40,UTC,8.2
2021,1,19,20:50,UTC,10.7
2021,1,19,21:00,UTC,12.4
2021,1,19,21:10,UTC,11.2
2021,1,19,21:20,UTC,10.5
2021,1,19,21:30,UTC,9.5
2021,1,19,21:40,UTC,8.4
2021,1,19,21:50,UTC,8.4
2021,1,19,22:00,UTC,8.4
2021,1,19,22:10,UTC,8.3
2021,1,19,22:20,UTC,8.3
2021,1,19,22:30,UTC,8.4
2021,1,19,22:40,UTC,8.1
2021,1,19,22:50,UTC,8.1
2021,1,19,23:00,UTC,8.9
2021,1,19,23:10,UTC,8.9
2021,1,19,23:20,UTC,9.1
2021,1,19,23:30,UTC,9.2
2021,1,19,23:40,UTC,9.3
2021,1,19,23:50,UTC,9
2021,1,20,00:00,UTC,9.4
2021,1,20,00:10,UTC,8.9
2021,1,20,00:20,UTC,9.4
2021,1,20,00:30,UTC,10.2
2021,1,20,00:40,UTC,11.4
2021,1,20,00:50,UTC,10.7
2021,1,20,01:00,UTC,10.1
2021,1,20,01:10,UTC,10.3
2021,1,20,01:20,UTC,10
2021,1,20,01:30,UTC,9.9
2021,1,20,01:40,UTC,9.6
2021,1,20,01:50,UTC,9.9
2021,1,20,02:00,UTC,10.4
2021,1,20,02:10,UTC,10.3
2021,1,20,02:20,UTC,10
2021,1,20,02:30,UTC,9.7
2021,1,20,02:40,UTC,9.3
2021,1,20,02:50,UTC,9.4
2021,1,20,03:00,UTC,9.3
2021,1,20,03:10,UTC,9.4
2021,1,20,03:20,UTC,9.9
2021,1,20,03:30,UTC,10.1
2021,1,20,03:40,UTC,10.5
2021,1,20,03:50,UTC,10.3
2021,1,20,04:00,UTC,10.8
2021,1,20,04:10,UTC,8.1
2021,1,20,04:20,UTC,7.8
2021,1,20,04:30,UTC,8
2021,1,20,04:40,UTC,8.7
2021,1,20,04:50,UTC,8.6
2021,1,20,05:00,UTC,9
2021,1,20,05:10,UTC,9.4
2021,1,20,05:20,UTC,9.8
2021,1,20,05:30,UTC,9.4
2021,1,20,05:40,UTC,9.1
2021,1,20,05:50,UTC,8.9
2021,1,20,06:00,UTC,9
2021,1,20,06:10,UTC,9
2021,1,20,06:20,UTC,9.2
2021,1,20,06:30,UTC,9.3
2021,1,20,06:40,UTC,9.6
2021,1,20,06:50,UTC,9.2
2021,1,20,07:00,UTC,9.7
2021,1,20,07:10,UTC,10.2
2021,1,20,07:20,UTC,10.7
2021,1,20,07:30,UTC,10.3
2021,1,20,07:40,UTC,10.5
2021,1,20,07:50,UTC,10.7
2021,1,20,08:00,UTC,10.2
2021,1,20,08:10,UTC,10.2
2021,1,20,08:20,UTC,10.4
2021,1,20,08:30,UTC,10.4
2021,1,20,08:40,UTC,10.2
2021,1,20,08:50,UTC,10.1
2021,1,20,09:00,UTC,10
2021,1,20,09:10,UTC,10.1
2021,1,20,09:20,UTC,9.8
2021,1,20,09:30,UTC,9.9
2021,1,20,09:40,UTC,10.1
2021,1,20,09:50,UTC,10.2
2021,1,20,10:00,UTC,9.9
2021,1,20,10:10,UTC,10.2
2021,1,20,10:20,UTC,9.9
2021,1,20,10:30,UTC,9.5
2021,1,20,10:40,UTC,9.6
2021,1,20,10:50,UTC,9.6
2021,1,20,11:00,UTC,9.6
2021,1,20,11:10,UTC,9.9
2021,1,20,11:20,UTC,9.9
2021,1,20,11:30,UTC,9.7
2021,1,20,11:40,UTC,9.7
2021,1,20,11:50,UTC,9.6
2021,1,20,12:00,UTC,9.1
2021,1,20,12:10,UTC,9.6
2021,1,20,12:20,UTC,9.9
2021,1,20,12:30,UTC,9.5
2021,1,20,12:40,UTC,9.5
2021,1,20,12:50,UTC,9.3
2021,1,20,13:00,UTC,9.3
2021,1,20,13:10,UTC,9.8
2021,1,20,13:20,UTC,9.8
2021,1,20,13:30,UTC,10
2021,1,20,13:40,UTC,9.8
2021,1,20,13:50,UTC,9.5
2021,1,20,14:00,UTC,9.4
2021,1,20,14:10,UTC,9.7
2021,1,20,14:20,UTC,9.7
2021,1,20,14:30,UTC,9.6
2021,1,20,14:40,UTC,10.3
2021,1,20,14:50,UTC,10.6
2021,1,20,15:00,UTC,10.7
2021,1,20,15:10,UTC,11.2
2021,1,20,15:20,UTC,11.5
2021,1,20,15:30,UTC,11.4
2021,1,20,15:40,UTC,11.1
2021,1,20,15:50,UTC,11.5
2021,1,20,16:00,UTC,11.3
2021,1,20,16:10,UTC,11.1
2021,1,20,16:20,UTC,11.2
2021,1,20,16:30,UTC,11.4
2021,1,20,16:40,UTC,11.3
2021,1,20,16:50,UTC,11.4
2021,1,20,17:00,UTC,11.3
2021,1,20,17:10,UTC,11.8
2021,1,20,17:20,UTC,12
2021,1,20,17:30,UTC,12.2
2021,1,20,17:40,UTC,11.9
2021,1,20,17:50,UTC,11.6
2021,1,20,18:00,UTC,11.8
2021,1,20,18:10,UTC,11.8
2021,1,20,18:20,UTC,11.9
2021,1,20,18:30,UTC,11.4
2021,1,20,18:40,UTC,11.6
2021,1,20,18:50,UTC,12.1
2021,1,20,19:00,UTC,12.1
2021,1,20,19:10,UTC,11.8
2021,1,20,19:20,UTC,11.9
2021,1,20,19:30,UTC,12.1
2021,1,20,19:40,UTC,11.9
2021,1,20,19:50,UTC,12.2
2021,1,20,20:00,UTC,11.6
2021,1,20,20:10,UTC,12.2
2021,1,20,20:20,UTC,12.2
2021,1,20,20:30,UTC,12.3
2021,1,20,20:40,UTC,12.1
2021,1,20,20:50,UTC,11.7
2021,1,20,21:00,UTC,12.1
2021,1,20,21:10,UTC,12.4
2021,1,20,21:20,UTC,12.4
2021,1,20,21:30,UTC,12.8
2021,1,20,21:40,UTC,12.4
2021,1,20,21:50,UTC,12.2
2021,1,20,22:00,UTC,12.4
2021,1,20,22:10,UTC,12.2
2021,1,20,22:20,UTC,12.7
2021,1,20,22:30,UTC,12.8
2021,1,20,22:40,UTC,12.8
2021,1,20,22:50,UTC,12.3
2021,1,20,23:00,UTC,12.6
2021,1,20,23:10,UTC,12.2
2021,1,20,23:20,UTC,12.4
2021,1,20,23:30,UTC,12.1
2021,1,20,23:40,UTC,12.4
2021,1,20,23:50,UTC,12.9
2021,1,21,00:00,UTC,13.3
2021,1,21,00:10,UTC,13.4
2021,1,21,00:20,UTC,13.1
2021,1,21,00:30,UTC,13
2021,1,21,00:40,UTC,12.3
2021,1,21,00:50,UTC,12.8
2021,1,21,01:00,UTC,13
2021,1,21,01:10,UTC,12.6
2021,1,21,01:20,UTC,13.1
2021,1,21,01:30,UTC,13.6
2021,1,21,01:40,UTC,13.4
2021,1,21,01:50,UTC,13.8
2021,1,21,02:00,UTC,13.1
2021,1,21,02:10,UTC,13.3
2021,1,21,02:20,UTC,14
2021,1,21,02:30,UTC,13.8
2021,1,21,02:40,UTC,14.1
2021,1,21,02:50,UTC,14.4
2021,1,21,03:00,UTC,14.3
2021,1,21,03:10,UTC,13.7
2021,1,21,03:20,UTC,14.2
2021,1,21,03:30,UTC,14.4
2021,1,21,03:40,UTC,14.2
2021,1,21,03:50,UTC,13.5
2021,1,21,04:00,UTC,14.1
2021,1,21,04:10,UTC,14.1
2021,1,21,04:20,UTC,14.4
2021,1,21,04:30,UTC,14.5
2021,1,21,04:40,UTC,14.8
2021,1,21,04:50,UTC,14.8
2021,1,21,05:00,UTC,14.7
2021,1,21,05:10,UTC,14.5
2021,1,21,05:20,UTC,14.4
2021,1,21,05:30,UTC,14.4
2021,1,21,05:40,UTC,14
2021,1,21,05:50,UTC,14.1
2021,1,21,06:00,UTC,14.5
2021,1,21,06:10,UTC,14.4
2021,1,21,06:20,UTC,15.1
2021,1,21,06:30,UTC,15.5
2021,1,21,06:40,UTC,14.9
2021,1,21,06:50,UTC,15.7
2021,1,21,07:00,UTC,15.5
2021,1,21,07:10,UTC,15.9
2021,1,21,07:20,UTC,16.1
2021,1,21,07:30,UTC,15.9
2021,1,21,07:40,UTC,15.8
2021,1,21,07:50,UTC,15.2
2021,1,21,08:00,UTC,14.8
2021,1,21,08:10,UTC,15.9
2021,1,21,08:20,UTC,15.1
2021,1,21,08:30,UTC,15.2
2021,1,21,08:40,UTC,14.9
2021,1,21,08:50,UTC,15.3
2021,1,21,09:00,UTC,15.2
2021,1,21,09:10,UTC,15.3
2021,1,21,09:20,UTC,16.1
2021,1,21,09:30,UTC,15.8
2021,1,21,09:40,UTC,15.6
2021,1,21,09:50,UTC,15.6
2021,1,21,10:00,UTC,15.6
2021,1,21,10:10,UTC,15.5
2021,1,21,10:20,UTC,15.3
2021,1,21,10:30,UTC,15.3
2021,1,21,10:40,UTC,15.9
2021,1,21,10:50,UTC,15.9
2021,1,21,11:00,UTC,15.7
2021,1,21,11:10,UTC,15.1
2021,1,21,11:20,UTC,15.2
2021,1,21,11:30,UTC,14.7
2021,1,21,11:40,UTC,15.4
2021,1,21,11:50,UTC,15.5
2021,1,21,12:00,UTC,15.6
2021,1,21,12:10,UTC,15.6
2021,1,21,12:20,UTC,14.9
2021,1,21,12:30,UTC,15.8
2021,1,21,12:40,UTC,16.1
2021,1,21,12:50,UTC,15.9
2021,1,21,13:00,UTC,15.7
2021,1,21,13:10,UTC,15.3
2021,1,21,13:20,UTC,15.2
2021,1,21,13:30,UTC,15.3
2021,1,21,13:40,UTC,14.7
2021,1,21,13:50,UTC,15.1
2021,1,21,14:00,UTC,14.9
2021,1,21,14:10,UTC,15.1
2021,1,21,14:20,UTC,14.9
2021,1,21,14:30,UTC,14.8
2021,1,21,14:40,UTC,15.4
2021,1,21,14:50,UTC,15.4
2021,1,21,15:00,UTC,14.6
2021,1,21,15:10,UTC,14.6
2021,1,21,15:20,UTC,15.2
2021,1,21,15:30,UTC,14.9
2021,1,21,15:40,UTC,15.3
2021,1,21,15:50,UTC,15.5
2021,1,21,16:00,UTC,15.9
2021,1,21,16:10,UTC,15.6
2021,1,21,16:20,UTC,15.5
2021,1,21,16:30,UTC,16.2
2021,1,21,16:40,UTC,15.9
2021,1,21,16:50,UTC,15.7
2021,1,21,17:00,UTC,15.9
2021,1,21,17:10,UTC,15.4
2021,1,21,17:20,UTC,15.4
2021,1,21,17:30,UTC,15.1
2021,1,21,17:40,UTC,15.1
2021,1,21,17:50,UTC,15.1
2021,1,21,18:00,UTC,14.3
2021,1,21,18:10,UTC,14.3
2021,1,21,18:20,UTC,13.7
2021,1,21,18:30,UTC,13.2
2021,1,21,18:40,UTC,13.5
2021,1,21,18:50,UTC,14
2021,1,21,19:00,UTC,13.3
2021,1,21,19:10,UTC,12.5
2021,1,21,19:20,UTC,11.9
2021,1,21,19:30,UTC,11.9
2021,1,21,19:40,UTC,11
2021,1,21,19:50,UTC,11.4
2021,1,21,20:00,UTC,10.8
2021,1,21,20:10,UTC,10.1
2021,1,21,20:20,UTC,9.1
2021,1,21,20:30,UTC,9.5
2021,1,21,20:40,UTC,9.7
2021,1,21,20:50,UTC,9.6
2021,1,21,21:00,UTC,9.4
2021,1,21,21:10,UTC,8.9
2021,1,21,21:20,UTC,8.5
2021,1,21,21:30,UTC,8.6
2021,1,21,21:40,UTC,9.1
2021,1,21,21:50,UTC,9.4
2021,1,21,22:00,UTC,9.3
2021,1,21,22:10,UTC,8.8
2021,1,21,22:20,UTC,8.3
2021,1,21,22:30,UTC,8.9
2021,1,21,22:40,UTC,9.2
2021,1,21,22:50,UTC,9.5
2021,1,21,23:00,UTC,9.8
2021,1,21,23:10,UTC,9.4
2021,1,21,23:20,UTC,9.6
2021,1,21,23:30,UTC,9.4
2021,1,21,23:40,UTC,9.4
2021,1,21,23:50,UTC,9.2
2021,1,22,00:00,UTC,9.1
2021,1,22,00:10,UTC,8.7
2021,1,22,00:20,UTC,9.3
2021,1,22,00:30,UTC,9.4
2021,1,22,00:40,UTC,9.4
2021,1,22,00:50,UTC,9.3
2021,1,22,01:00,UTC,8.5
2021,1,22,01:10,UTC,8.4
2021,1,22,01:20,UTC,8.8
2021,1,22,01:30,UTC,8.9
2021,1,22,01:40,UTC,9.4
2021,1,22,01:50,UTC,9.8
2021,1,22,02:00,UTC,10.3
2021,1,22,02:10,UTC,10.1
2021,1,22,02:20,UTC,10.5
2021,1,22,02:30,UTC,9.9
2021,1,22,02:40,UTC,9.5
2021,1,22,02:50,UTC,10.3
2021,1,22,03:00,UTC,10.2
2021,1,22,03:10,UTC,10.3
2021,1,22,03:20,UTC,10.1
2021,1,22,03:30,UTC,9.2
2021,1,22,03:40,UTC,9.8
2021,1,22,03:50,UTC,9.9
2021,1,22,04:00,UTC,9.4
2021,1,22,04:10,UTC,9.1
2021,1,22,04:20,UTC,9.8
2021,1,22,04:30,UTC,10.4
2021,1,22,04:40,UTC,10.6
2021,1,22,04:50,UTC,10.2
2021,1,22,05:00,UTC,10.3
2021,1,22,05:10,UTC,10.7
2021,1,22,05:20,UTC,10.2
2021,1,22,05:30,UTC,9.6
2021,1,22,05:40,UTC,9.8
2021,1,22,05:50,UTC,10.3
2021,1,22,06:00,UTC,10.3
2021,1,22,06:10,UTC,9.6
2021,1,22,06:20,UTC,10.1
2021,1,22,06:30,UTC,10.1
2021,1,22,06:40,UTC,10.1
2021,1,22,06:50,UTC,9.8
2021,1,22,07:00,UTC,10
2021,1,22,07:10,UTC,9.9
2021,1,22,07:20,UTC,9.1
2021,1,22,07:30,UTC,9.3
2021,1,22,07:40,UTC,8.8
2021,1,22,07:50,UTC,9.6
2021,1,22,08:00,UTC,10.3
2021,1,22,08:10,UTC,9.9
2021,1,22,08:20,UTC,10.4
2021,1,22,08:30,UTC,10.9
2021,1,22,08:40,UTC,11
2021,1,22,08:50,UTC,10.1
2021,1,22,09:00,UTC,10.9
2021,1,22,09:10,UTC,11
2021,1,22,09:20,UTC,10.6
2021,1,22,09:30,UTC,10.8
2021,1,22,09:40,UTC,11.6
2021,1,22,09:50,UTC,11.6
2021,1,22,10:00,UTC,12.2
2021,1,22,10:10,UTC,12.6
2021,1,22,10:20,UTC,11.8
2021,1,22,10:30,UTC,11.9
2021,1,22,10:40,UTC,11.9
2021,1,22,10:50,UTC,11.8
2021,1,22,11:00,UTC,11.6
2021,1,22,11:10,UTC,11.4
2021,1,22,11:20,UTC,12.1
2021,1,22,11:30,UTC,12.4
2021,1,22,11:40,UTC,12.6
2021,1,22,11:50,UTC,13
2021,1,22,12:00,UTC,12.6
2021,1,22,12:10,UTC,11.9
2021,1,22,12:20,UTC,11.9
2021,1,22,12:30,UTC,12.7
2021,1,22,12:40,UTC,12.8
2021,1,22,12:50,UTC,12.9
2021,1,22,13:00,UTC,13.8
2021,1,22,13:10,UTC,13.3
2021,1,22,13:20,UTC,13.7
2021,1,22,13:30,UTC,14.1
2021,1,22,13:40,UTC,14.8
2021,1,22,13:50,UTC,14
2021,1,22,14:00,UTC,14.3
2021,1,22,14:10,UTC,14.9
2021,1,22,14:20,UTC,14.9
2021,1,22,14:30,UTC,14.4
2021,1,22,14:40,UTC,14.7
2021,1,22,14:50,UTC,14.8
2021,1,22,15:00,UTC,15
2021,1,22,15:10,UTC,15.2
2021,1,22,15:20,UTC,15
2021,1,22,15:30,UTC,15.3
2021,1,22,15:40,UTC,15.2
2021,1,22,15:50,UTC,15.8
2021,1,22,16:00,UTC,16.5
2021,1,22,16:10,UTC,16.8
2021,1,22,16:20,UTC,17.1
2021,1,22,16:30,UTC,16.4
2021,1,22,16:40,UTC,16.9
2021,1,22,16:50,UTC,17.3
2021,1,22,17:00,UTC,17.3
2021,1,22,17:10,UTC,17.1
2021,1,22,17:20,UTC,17.2
2021,1,22,17:30,UTC,17
2021,1,22,17:40,UTC,15.9
2021,1,22,17:50,UTC,14.9
2021,1,22,18:00,UTC,13.5
2021,1,22,18:10,UTC,12.5
2021,1,22,18:20,UTC,12
2021,1,22,18:30,UTC,11.9
2021,1,22,18:40,UTC,12.1
2021,1,22,18:50,UTC,12.3
2021,1,22,19:00,UTC,11.2
2021,1,22,19:10,UTC,11.4
2021,1,22,19:20,UTC,10.9
2021,1,22,19:30,UTC,11.4
2021,1,22,19:40,UTC,11.5
2021,1,22,19:50,UTC,11.3
2021,1,22,20:00,UTC,11.2
2021,1,22,20:10,UTC,10.9
2021,1,22,20:20,UTC,11.3
2021,1,22,20:30,UTC,11.2
2021,1,22,20:40,UTC,11.4
2021,1,22,20:50,UTC,11.8
2021,1,22,21:00,UTC,11.6
2021,1,22,21:10,UTC,11.7
2021,1,22,21:20,UTC,12.2
2021,1,22,21:30,UTC,12.6
2021,1,22,21:40,UTC,12.5
2021,1,22,21:50,UTC,12.7
2021,1,22,22:00,UTC,13.2
2021,1,22,22:10,UTC,13.6
2021,1,22,22:20,UTC,13.1
2021,1,22,22:30,UTC,13.2
2021,1,22,22:40,UTC,12.8
2021,1,22,22:50,UTC,13.1
2021,1,22,23:00,UTC,13.7
2021,1,22,23:10,UTC,13.7
2021,1,22,23:20,UTC,13.9
2021,1,22,23:30,UTC,14
2021,1,22,23:40,UTC,14
2021,1,22,23:50,UTC,13.6
2021,1,23,00:00,UTC,13.5
2021,1,23,00:10,UTC,13.5
2021,1,23,00:20,UTC,13.6
2021,1,23,00:30,UTC,13.9
2021,1,23,00:40,UTC,13.9
2021,1,23,00:50,UTC,13.7
2021,1,23,01:00,UTC,13.7
2021,1,23,01:10,UTC,13.9
2021,1,23,01:20,UTC,13.8
2021,1,23,01:30,UTC,13.3
2021,1,23,01:40,UTC,14.3
2021,1,23,01:50,UTC,14.1
2021,1,23,02:00,UTC,13.9
2021,1,23,02:10,UTC,14.2
2021,1,23,02:20,UTC,14.3
2021,1,23,02:30,UTC,14.3
2021,1,23,02:40,UTC,14.8
2021,1,23,02:50,UTC,14.1
2021,1,23,03:00,UTC,14.3
2021,1,23,03:10,UTC,13.4
2021,1,23,03:20,UTC,13.2
2021,1,23,03:30,UTC,13.2
2021,1,23,03:40,UTC,13.6
2021,1,23,03:50,UTC,14
2021,1,23,04:00,UTC,13.9
2021,1,23,04:10,UTC,13.7
2021,1,23,04:20,UTC,13.8
2021,1,23,04:30,UTC,13.9
2021,1,23,04:40,UTC,14.2
2021,1,23,04:50,UTC,14.6
2021,1,23,05:00,UTC,14.8
2021,1,23,05:10,UTC,15.2
2021,1,23,05:20,UTC,15.2
2021,1,23,05:30,UTC,14.8
2021,1,23,05:40,UTC,14.8
2021,1,23,05:50,UTC,15
2021,1,23,06:00,UTC,15.2
2021,1,23,06:10,UTC,15.5
2021,1,23,06:20,UTC,14.8
2021,1,23,06:30,UTC,14.9
2021,1,23,06:40,UTC,14.4
2021,1,23,06:50,UTC,14.3
2021,1,23,07:00,UTC,13.9
2021,1,23,07:10,UTC,13.1
2021,1,23,07:20,UTC,12.6
2021,1,23,07:30,UTC,12.7
2021,1,23,07:40,UTC,12.5
2021,1,23,07:50,UTC,12.3
2021,1,23,08:00,UTC,12
2021,1,23,08:10,UTC,12
2021,1,23,08:20,UTC,11.9
2021,1,23,08:30,UTC,11.5
2021,1,23,08:40,UTC,10.9
2021,1,23,08:50,UTC,10.8
2021,1,23,09:00,UTC,11.3
2021,1,23,09:10,UTC,11.3
2021,1,23,09:20,UTC,10.8
2021,1,23,09:30,UTC,10.1
2021,1,23,09:40,UTC,10.4
2021,1,23,09:50,UTC,9.9
2021,1,23,10:00,UTC,10
2021,1,23,10:10,UTC,9.3
2021,1,23,10:20,UTC,8.9
2021,1,23,10:30,UTC,7.8
2021,1,23,10:40,UTC,8.7
2021,1,23,10:50,UTC,9.1
2021,1,23,11:00,UTC,8.5
2021,1,23,11:10,UTC,8.1
2021,1,23,11:20,UTC,8.3
2021,1,23,11:30,UTC,8.4
2021,1,23,11:40,UTC,8.4
2021,1,23,11:50,UTC,8.6
2021,1,23,12:00,UTC,8.4
2021,1,23,12:10,UTC,7.8
2021,1,23,12:20,UTC,8.3
2021,1,23,12:30,UTC,8.6
2021,1,23,12:40,UTC,9.1
2021,1,23,12:50,UTC,9.2
2021,1,23,13:00,UTC,8.3
2021,1,23,13:10,UTC,7.5
2021,1,23,13:20,UTC,7.5
2021,1,23,13:30,UTC,7.3
2021,1,23,13:40,UTC,6.8
2021,1,23,13:50,UTC,7.1
2021,1,23,14:00,UTC,7.1
2021,1,23,14:10,UTC,8.5
2021,1,23,14:20,UTC,8.7
2021,1,23,14:30,UTC,8.4
2021,1,23,14:40,UTC,8.7
2021,1,23,14:50,UTC,8.8
2021,1,23,15:00,UTC,9.3
2021,1,23,15:10,UTC,10.3
2021,1,23,15:20,UTC,10.5
2021,1,23,15:30,UTC,10.3
2021,1,23,15:40,UTC,10.4
2021,1,23,15:50,UTC,10
2021,1,23,16:00,UTC,9.9
2021,1,23,16:10,UTC,9.6
2021,1,23,16:20,UTC,9.1
2021,1,23,16:30,UTC,9.4
2021,1,23,16:40,UTC,9
2021,1,23,16:50,UTC,7.8
2021,1,23,17:00,UTC,7.9
2021,1,23,17:10,UTC,8.4
2021,1,23,17:20,UTC,8.8
2021,1,23,17:30,UTC,8.8
2021,1,23,17:40,UTC,8.3
2021,1,23,17:50,UTC,7.8
2021,1,23,18:00,UTC,8.1
2021,1,23,18:10,UTC,7.1
2021,1,23,18:20,UTC,7.6
2021,1,23,18:30,UTC,7.8
2021,1,23,18:40,UTC,7.3
2021,1,23,18:50,UTC,7.5
2021,1,23,19:00,UTC,7.5
2021,1,23,19:10,UTC,7.1
2021,1,23,19:20,UTC,7.4
2021,1,23,19:30,UTC,7.8
2021,1,23,19:40,UTC,6.4
2021,1,23,19:50,UTC,6.3
2021,1,23,20:00,UTC,7.3
2021,1,23,20:10,UTC,7.7
2021,1,23,20:20,UTC,6.6
2021,1,23,20:30,UTC,6.9
2021,1,23,20:40,UTC,8.1
2021,1,23,20:50,UTC,8.1
2021,1,23,21:00,UTC,8.9
2021,1,23,21:10,UTC,8.9
2021,1,23,21:20,UTC,8.4
2021,1,23,21:30,UTC,7.9
2021,1,23,21:40,UTC,7.7
2021,1,23,21:50,UTC,7.5
2021,1,23,22:00,UTC,6.4
2021,1,23,22:10,UTC,5.3
2021,1,23,22:20,UTC,5.1
2021,1,23,22:30,UTC,4.4
2021,1,23,22:40,UTC,4
2021,1,23,22:50,UTC,3.3
2021,1,23,23:00,UTC,4
2021,1,23,23:10,UTC,3.7
2021,1,23,23:20,UTC,3.1
2021,1,23,23:30,UTC,3.5
2021,1,23,23:40,UTC,2.8
2021,1,23,23:50,UTC,2
2021,1,24,00:00,UTC,5.2
2021,1,24,00:10,UTC,5.4
2021,1,24,00:20,UTC,5.1
2021,1,24,00:30,UTC,5.1
2021,1,24,00:40,UTC,4.5
2021,1,24,00:50,UTC,5
2021,1,24,01:00,UTC,4.5
2021,1,24,01:10,UTC,4.1
2021,1,24,01:20,UTC,4.8
2021,1,24,01:30,UTC,4.7
2021,1,24,01:40,UTC,4
2021,1,24,01:50,UTC,3.2
2021,1,24,02:00,UTC,2.8
2021,1,24,02:10,UTC,3.1
2021,1,24,02:20,UTC,3
2021,1,24,02:30,UTC,2.9
2021,1,24,02:40,UTC,3.1
2021,1,24,02:50,UTC,3.5
2021,1,24,03:00,UTC,3.6
2021,1,24,03:10,UTC,3.3
2021,1,24,03:20,UTC,2.7
2021,1,24,03:30,UTC,2
2021,1,24,03:40,UTC,1.1
2021,1,24,03:50,UTC,1.6
2021,1,24,04:00,UTC,2
2021,1,24,04:10,UTC,3.7
2021,1,24,04:20,UTC,4.6
2021,1,24,04:30,UTC,4.4
2021,1,24,04:40,UTC,3.3
2021,1,24,04:50,UTC,3
2021,1,24,05:00,UTC,2.8
2021,1,24,05:10,UTC,2.4
2021,1,24,05:20,UTC,2
2021,1,24,05:30,UTC,2
2021,1,24,05:40,UTC,2.6
2021,1,24,05:50,UTC,3.1
2021,1,24,06:00,UTC,3.6
2021,1,24,06:10,UTC,4.3
2021,1,24,06:20,UTC,4.9
2021,1,24,06:30,UTC,4.5
2021,1,24,06:40,UTC,3.3
2021,1,24,06:50,UTC,2.5
2021,1,24,07:00,UTC,2.2
2021,1,24,07:10,UTC,2.4
2021,1,24,07:20,UTC,2.5
2021,1,24,07:30,UTC,2.8
2021,1,24,07:40,UTC,2.9
2021,1,24,07:50,UTC,3.4
2021,1,24,08:00,UTC,3.5
2021,1,24,08:10,UTC,3
2021,1,24,08:20,UTC,2.8
2021,1,24,08:30,UTC,3.1
2021,1,24,08:40,UTC,2.9
2021,1,24,08:50,UTC,1.9
2021,1,24,09:00,UTC,1.9
2021,1,24,09:10,UTC,2.1
2021,1,24,09:20,UTC,2.4
2021,1,24,09:30,UTC,3.3
2021,1,24,09:40,UTC,3.3
2021,1,24,09:50,UTC,2.9
2021,1,24,10:00,UTC,3
2021,1,24,10:10,UTC,2.8
2021,1,24,10:20,UTC,2.4
2021,1,24,10:30,UTC,2.7
2021,1,24,10:40,UTC,3.3
2021,1,24,10:50,UTC,2.7
2021,1,24,11:00,UTC,2.6
2021,1,24,11:10,UTC,2.9
2021,1,24,11:20,UTC,2.8
2021,1,24,11:30,UTC,2.7
2021,1,24,11:40,UTC,2.8
2021,1,24,11:50,UTC,2.8
2021,1,24,12:00,UTC,2.9
2021,1,24,12:10,UTC,2.7
2021,1,24,12:20,UTC,2.4
2021,1,24,12:30,UTC,2.3
2021,1,24,12:40,UTC,2.7
2021,1,24,12:50,UTC,2.7
2021,1,24,13:00,UTC,3.6
2021,1,24,13:10,UTC,3.1
2021,1,24,13:20,UTC,3.3
2021,1,24,13:30,UTC,4.5
2021,1,24,13:40,UTC,4.2
2021,1,24,13:50,UTC,3.6
2021,1,24,14:00,UTC,3.9
2021,1,24,14:10,UTC,3.2
2021,1,24,14:20,UTC,3
2021,1,24,14:30,UTC,3.5
2021,1,24,14:40,UTC,3.9
2021,1,24,14:50,UTC,4
2021,1,24,15:00,UTC,4.1
2021,1,24,15:10,UTC,4
2021,1,24,15:20,UTC,4.6
2021,1,24,15:30,UTC,3.9
2021,1,24,15:40,UTC,4.2
2021,1,24,15:50,UTC,4.3
2021,1,24,16:00,UTC,4.3
2021,1,24,16:10,UTC,3.9
2021,1,24,16:20,UTC,4.2
2021,1,24,16:30,UTC,4.4
2021,1,24,16:40,UTC,4.3
2021,1,24,16:50,UTC,4
2021,1,24,17:00,UTC,4.1
2021,1,24,17:10,UTC,3.9
2021,1,24,17:20,UTC,4
2021,1,24,17:30,UTC,4.2
2021,1,24,17:40,UTC,4.5
2021,1,24,17:50,UTC,4.3
2021,1,24,18:00,UTC,4.5
2021,1,24,18:10,UTC,4.8
2021,1,24,18:20,UTC,5.1
2021,1,24,18:30,UTC,5.1
2021,1,24,18:40,UTC,5.4
2021,1,24,18:50,UTC,5
2021,1,24,19:00,UTC,5.5
2021,1,24,19:10,UTC,5
2021,1,24,19:20,UTC,5.8
2021,1,24,19:30,UTC,5.9
2021,1,24,19:40,UTC,5.7
2021,1,24,19:50,UTC,5.9
2021,1,24,20:00,UTC,6.2
2021,1,24,20:10,UTC,6.4
2021,1,24,20:20,UTC,6.2
2021,1,24,20:30,UTC,6.9
2021,1,24,20:40,UTC,7.1
2021,1,24,20:50,UTC,7.3
2021,1,24,21:00,UTC,6.4
2021,1,24,21:10,UTC,6.6
2021,1,24,21:20,UTC,7.2
2021,1,24,21:30,UTC,7.5
2021,1,24,21:40,UTC,7.9
2021,1,24,21:50,UTC,7.3
2021,1,24,22:00,UTC,7.1
2021,1,24,22:10,UTC,7.7
2021,1,24,22:20,UTC,7.3
2021,1,24,22:30,UTC,6.2
2021,1,24,22:40,UTC,6.7
2021,1,24,22:50,UTC,6.9
2021,1,24,23:00,UTC,7.2
2021,1,24,23:10,UTC,7.2
2021,1,24,23:20,UTC,7.7
2021,1,24,23:30,UTC,9.4
2021,1,24,23:40,UTC,8.8
2021,1,24,23:50,UTC,8.1
2021,1,25,00:00,UTC,7.5
2021,1,25,00:10,UTC,7.4
2021,1,25,00:20,UTC,8
2021,1,25,00:30,UTC,8.1
2021,1,25,00:40,UTC,6.8
2021,1,25,00:50,UTC,7.7
2021,1,25,01:00,UTC,7.1
2021,1,25,01:10,UTC,7.3
2021,1,25,01:20,UTC,8.6
2021,1,25,01:30,UTC,7.9
2021,1,25,01:40,UTC,8.3
2021,1,25,01:50,UTC,7.8
2021,1,25,02:00,UTC,7.8
2021,1,25,02:10,UTC,7.7
2021,1,25,02:20,UTC,7.9
2021,1,25,02:30,UTC,8
2021,1,25,02:40,UTC,8.5
2021,1,25,02:50,UTC,8.4
2021,1,25,03:00,UTC,8.7
2021,1,25,03:10,UTC,8.1
2021,1,25,03:20,UTC,8.5
2021,1,25,03:30,UTC,9
2021,1,25,03:40,UTC,9.1
2021,1,25,03:50,UTC,9
2021,1,25,04:00,UTC,8.6
2021,1,25,04:10,UTC,9
2021,1,25,04:20,UTC,8.7
2021,1,25,04:30,UTC,8.6
2021,1,25,04:40,UTC,8.4
2021,1,25,04:50,UTC,8.6
2021,1,25,05:00,UTC,8.4
2021,1,25,05:10,UTC,8.3
2021,1,25,05:20,UTC,8.2
2021,1,25,05:30,UTC,8.2
2021,1,25,05:40,UTC,8.2
2021,1,25,05:50,UTC,8
2021,1,25,06:00,UTC,7.9
2021,1,25,06:10,UTC,7.9
2021,1,25,06:20,UTC,8
2021,1,25,06:30,UTC,7.9
2021,1,25,06:40,UTC,7.7
2021,1,25,06:50,UTC,7.7
2021,1,25,07:00,UTC,7.5
2021,1,25,07:10,UTC,7.4
2021,1,25,07:20,UTC,7.1
2021,1,25,07:30,UTC,7.1
2021,1,25,07:40,UTC,6.7
2021,1,25,07:50,UTC,6.7
2021,1,25,08:00,UTC,6.6
2021,1,25,08:10,UTC,6.5
2021,1,25,08:20,UTC,6.6
2021,1,25,08:30,UTC,6.4
2021,1,25,08:40,UTC,6.5
2021,1,25,08:50,UTC,6.7
2021,1,25,09:00,UTC,6.6
2021,1,25,09:10,UTC,6.5
2021,1,25,09:20,UTC,6.5
2021,1,25,09:30,UTC,6.3
2021,1,25,09:40,UTC,6.2
2021,1,25,09:50,UTC,6.3
2021,1,25,10:00,UTC,6.5
2021,1,25,10:10,UTC,6.2
2021,1,25,10:20,UTC,6
2021,1,25,10:30,UTC,6.3
2021,1,25,10:40,UTC,6.1
2021,1,25,10:50,UTC,5.8
2021,1,25,11:00,UTC,5.5
2021,1,25,11:10,UTC,5.3
2021,1,25,11:20,UTC,5.1
2021,1,25,11:30,UTC,5.2
2021,1,25,11:40,UTC,5
2021,1,25,11:50,UTC,5.1
2021,1,25,12:00,UTC,4.9
2021,1,25,12:10,UTC,4.9
2021,1,25,12:20,UTC,4.9
2021,1,25,12:30,UTC,5.1
2021,1,25,12:40,UTC,5
2021,1,25,12:50,UTC,5.2
2021,1,25,13:00,UTC,5.5
2021,1,25,13:10,UTC,5.5
2021,1,25,13:20,UTC,5.4
2021,1,25,13:30,UTC,5.2
2021,1,25,13:40,UTC,5.3
2021,1,25,13:50,UTC,5.4
2021,1,25,14:00,UTC,5.7
2021,1,25,14:10,UTC,5.6
2021,1,25,14:20,UTC,5.6
2021,1,25,14:30,UTC,5.5
2021,1,25,14:40,UTC,5.7
2021,1,25,14:50,UTC,5.6
2021,1,25,15:00,UTC,5.8
2021,1,25,15:10,UTC,6.5
2021,1,25,15:20,UTC,6.3
2021,1,25,15:30,UTC,6.6
2021,1,25,15:40,UTC,6.5
2021,1,25,15:50,UTC,5.6
2021,1,25,16:00,UTC,4.8
2021,1,25,16:10,UTC,4.8
2021,1,25,16:20,UTC,4.9
2021,1,25,16:30,UTC,5
2021,1,25,16:40,UTC,5.6
2021,1,25,16:50,UTC,5.8
2021,1,25,17:00,UTC,7.3
2021,1,25,17:10,UTC,8.4
2021,1,25,17:20,UTC,8.8
2021,1,25,17:30,UTC,8.4
2021,1,25,17:40,UTC,8.2
2021,1,25,17:50,UTC,8.3
2021,1,25,18:00,UTC,9.2
2021,1,25,18:10,UTC,9.2
2021,1,25,18:20,UTC,9
2021,1,25,18:30,UTC,8.7
2021,1,25,18:40,UTC,8.5
2021,1,25,18:50,UTC,8
2021,1,25,19:00,UTC,8
2021,1,25,19:10,UTC,7.7
2021,1,25,19:20,UTC,7.2
2021,1,25,19:30,UTC,7.7
2021,1,25,19:40,UTC,7.5
2021,1,25,19:50,UTC,7.1
2021,1,25,20:00,UTC,7.1
2021,1,25,20:10,UTC,7.1
2021,1,25,20:20,UTC,6.8
2021,1,25,20:30,UTC,6.4
2021,1,25,20:40,UTC,6.3
2021,1,25,20:50,UTC,5.8
2021,1,25,21:00,UTC,5.6
2021,1,25,21:10,UTC,5.9
2021,1,25,21:20,UTC,6.3
2021,1,25,21:30,UTC,6.1
2021,1,25,21:40,UTC,5
2021,1,25,21:50,UTC,5.2
2021,1,25,22:00,UTC,5.5
2021,1,25,22:10,UTC,5.2
2021,1,25,22:20,UTC,5.4
2021,1,25,22:30,UTC,5
2021,1,25,22:40,UTC,5.2
2021,1,25,22:50,UTC,4.8
2021,1,25,23:00,UTC,5.3
2021,1,25,23:10,UTC,5.7
2021,1,25,23:20,UTC,5.1
2021,1,25,23:30,UTC,4.3
2021,1,25,23:40,UTC,4.1
2021,1,25,23:50,UTC,3.8
2021,1,26,00:00,UTC,3.3
2021,1,26,00:10,UTC,3.5
2021,1,26,00:20,UTC,3.5
2021,1,26,00:30,UTC,3.3
2021,1,26,00:40,UTC,2.7
2021,1,26,00:50,UTC,1.9
2021,1,26,01:00,UTC,1.4
2021,1,26,01:10,UTC,1
2021,1,26,01:20,UTC,1.8
2021,1,26,01:30,UTC,2.3
2021,1,26,01:40,UTC,2.1
2021,1,26,01:50,UTC,1.8
2021,1,26,02:00,UTC,2
2021,1,26,02:10,UTC,2.7
2021,1,26,02:20,UTC,3
2021,1,26,02:30,UTC,4.4
2021,1,26,02:40,UTC,5.6
2021,1,26,02:50,UTC,6.3
2021,1,26,03:00,UTC,6.1
2021,1,26,03:10,UTC,6.2
2021,1,26,03:20,UTC,5
2021,1,26,03:30,UTC,4.6
2021,1,26,03:40,UTC,4.9
2021,1,26,03:50,UTC,4.3
2021,1,26,04:00,UTC,4.1
2021,1,26,04:10,UTC,3.7
2021,1,26,04:20,UTC,3.4
2021,1,26,04:30,UTC,2.9
2021,1,26,04:40,UTC,3
2021,1,26,04:50,UTC,2.8
2021,1,26,05:00,UTC,2.8
2021,1,26,05:10,UTC,2.5
2021,1,26,05:20,UTC,2.1
2021,1,26,05:30,UTC,2
2021,1,26,05:40,UTC,1.6
2021,1,26,05:50,UTC,2
2021,1,26,06:00,UTC,2
2021,1,26,06:10,UTC,3.2
2021,1,26,06:20,UTC,4.2
2021,1,26,06:30,UTC,4.1
2021,1,26,06:40,UTC,3.7
2021,1,26,06:50,UTC,3.6
2021,1,26,07:00,UTC,3.6
2021,1,26,07:10,UTC,3.5
2021,1,26,07:20,UTC,3.1
2021,1,26,07:30,UTC,4.3
2021,1,26,07:40,UTC,4.4
2021,1,26,07:50,UTC,4.3
2021,1,26,08:00,UTC,4.2
2021,1,26,08:10,UTC,3.7
2021,1,26,08:20,UTC,4.1
2021,1,26,08:30,UTC,4
2021,1,26,08:40,UTC,4.1
2021,1,26,08:50,UTC,5
2021,1,26,09:00,UTC,4.7
2021,1,26,09:10,UTC,4.6
2021,1,26,09:20,UTC,4.7
2021,1,26,09:30,UTC,4.5
2021,1,26,09:40,UTC,4.3
2021,1,26,09:50,UTC,4.7
2021,1,26,10:00,UTC,5
2021,1,26,10:10,UTC,4.8
2021,1,26,10:20,UTC,4.6
2021,1,26,10:30,UTC,3.9
2021,1,26,10:40,UTC,4.5
2021,1,26,10:50,UTC,5.1
2021,1,26,11:00,UTC,4.8
2021,1,26,11:10,UTC,4.9
2021,1,26,11:20,UTC,4.8
2021,1,26,11:30,UTC,5.5
2021,1,26,11:40,UTC,5.4
2021,1,26,11:50,UTC,5.5
2021,1,26,12:00,UTC,5.6
2021,1,26,12:10,UTC,5.6
2021,1,26,12:20,UTC,5.9
2021,1,26,12:30,UTC,5.8
2021,1,26,12:40,UTC,5.8
2021,1,26,12:50,UTC,5.7
2021,1,26,13:00,UTC,5.5
2021,1,26,13:10,UTC,5.5
2021,1,26,13:20,UTC,6.1
2021,1,26,13:30,UTC,7.2
2021,1,26,13:40,UTC,7
2021,1,26,13:50,UTC,7
2021,1,26,14:00,UTC,7.1
2021,1,26,14:10,UTC,6.9
2021,1,26,14:20,UTC,6.5
2021,1,26,14:30,UTC,7
2021,1,26,14:40,UTC,7.2
2021,1,26,14:50,UTC,7.9
2021,1,26,15:00,UTC,7.8
2021,1,26,15:10,UTC,7.6
2021,1,26,15:20,UTC,7.7
2021,1,26,15:30,UTC,7.8
2021,1,26,15:40,UTC,8
2021,1,26,15:50,UTC,8.1
2021,1,26,16:00,UTC,8.4
2021,1,26,16:10,UTC,8.3
2021,1,26,16:20,UTC,7.7
2021,1,26,16:30,UTC,7.7
2021,1,26,16:40,UTC,7.3
2021,1,26,16:50,UTC,7.6
2021,1,26,17:00,UTC,7.8
2021,1,26,17:10,UTC,8.4
2021,1,26,17:20,UTC,8.3
2021,1,26,17:30,UTC,7.6
2021,1,26,17:40,UTC,7.7
2021,1,26,17:50,UTC,7.9
2021,1,26,18:00,UTC,7.8
2021,1,26,18:10,UTC,8.4
2021,1,26,18:20,UTC,8.7
2021,1,26,18:30,UTC,8.6
2021,1,26,18:40,UTC,9.6
2021,1,26,18:50,UTC,9.6
2021,1,26,19:00,UTC,9.4
2021,1,26,19:10,UTC,9.9
2021,1,26,19:20,UTC,9.7
2021,1,26,19:30,UTC,9.9
2021,1,26,19:40,UTC,10.1
2021,1,26,19:50,UTC,9.9
2021,1,26,20:00,UTC,9.7
2021,1,26,20:10,UTC,9.4
2021,1,26,20:20,UTC,9.1
2021,1,26,20:30,UTC,9.4
2021,1,26,20:40,UTC,9.6
2021,1,26,20:50,UTC,10.3
2021,1,26,21:00,UTC,9.3
2021,1,26,21:10,UTC,9.5
2021,1,26,21:20,UTC,9.9
2021,1,26,21:30,UTC,9.9
2021,1,26,21:40,UTC,9.7
2021,1,26,21:50,UTC,9.6
2021,1,26,22:00,UTC,9.2
2021,1,26,22:10,UTC,10.1
2021,1,26,22:20,UTC,10.3
2021,1,26,22:30,UTC,10.3
2021,1,26,22:40,UTC,10.5
2021,1,26,22:50,UTC,10.1
2021,1,26,23:00,UTC,10.5
2021,1,26,23:10,UTC,10
2021,1,26,23:20,UTC,10.1
2021,1,26,23:30,UTC,10.1
2021,1,26,23:40,UTC,10.1
2021,1,26,23:50,UTC,10.1
2021,1,27,00:00,UTC,10.3
2021,1,27,00:10,UTC,10.2
2021,1,27,00:20,UTC,10.8
2021,1,27,00:30,UTC,10.7
2021,1,27,00:40,UTC,10.6
2021,1,27,00:50,UTC,10.4
2021,1,27,01:00,UTC,10.3
2021,1,27,01:10,UTC,10.8
2021,1,27,01:20,UTC,10.7
2021,1,27,01:30,UTC,11.1
2021,1,27,01:40,UTC,10.4
2021,1,27,01:50,UTC,10.2
2021,1,27,02:00,UTC,10.2
2021,1,27,02:10,UTC,10.2
2021,1,27,02:20,UTC,9.9
2021,1,27,02:30,UTC,9.8
2021,1,27,02:40,UTC,9.7
2021,1,27,02:50,UTC,10.9
2021,1,27,03:00,UTC,10.6
2021,1,27,03:10,UTC,10.2
2021,1,27,03:20,UTC,10.3
2021,1,27,03:30,UTC,10.3
2021,1,27,03:40,UTC,10.1
2021,1,27,03:50,UTC,9.9
2021,1,27,04:00,UTC,10.4
2021,1,27,04:10,UTC,10.4
2021,1,27,04:20,UTC,10.7
2021,1,27,04:30,UTC,10.2
2021,1,27,04:40,UTC,10.9
2021,1,27,04:50,UTC,10
2021,1,27,05:00,UTC,10.6
2021,1,27,05:10,UTC,9.8
2021,1,27,05:20,UTC,10.9
2021,1,27,05:30,UTC,9.8
2021,1,27,05:40,UTC,10.1
2021,1,27,05:50,UTC,10.3
2021,1,27,06:00,UTC,10
2021,1,27,06:10,UTC,10.8
2021,1,27,06:20,UTC,10.5
2021,1,27,06:30,UTC,10.1
2021,1,27,06:40,UTC,10.5
2021,1,27,06:50,UTC,9.9
2021,1,27,07:00,UTC,10.3
2021,1,27,07:10,UTC,9.9
2021,1,27,07:20,UTC,10.2
2021,1,27,07:30,UTC,10.1
2021,1,27,07:40,UTC,9.7
2021,1,27,07:50,UTC,10.4
2021,1,27,08:00,UTC,9.5
2021,1,27,08:10,UTC,9.2
2021,1,27,08:20,UTC,9.9
2021,1,27,08:30,UTC,9.8
2021,1,27,08:40,UTC,9.3
2021,1,27,08:50,UTC,9.6
2021,1,27,09:00,UTC,9.7
2021,1,27,09:10,UTC,9.4
2021,1,27,09:20,UTC,8.6
2021,1,27,09:30,UTC,8.5
2021,1,27,09:40,UTC,8.5
2021,1,27,09:50,UTC,9.2
2021,1,27,10:00,UTC,9.2
2021,1,27,10:10,UTC,9.2
2021,1,27,10:20,UTC,8.6
2021,1,27,10:30,UTC,8.8
2021,1,27,10:40,UTC,8.7
2021,1,27,10:50,UTC,8.5
2021,1,27,11:00,UTC,8.4
2021,1,27,11:10,UTC,8.9
2021,1,27,11:20,UTC,9.4
2021,1,27,11:30,UTC,9.4
2021,1,27,11:40,UTC,9.2
2021,1,27,11:50,UTC,9.2
2021,1,27,12:00,UTC,8.9
2021,1,27,12:10,UTC,8.7
2021,1,27,12:20,UTC,8
2021,1,27,12:30,UTC,8
2021,1,27,12:40,UTC,8.8
2021,1,27,12:50,UTC,8.4
2021,1,27,13:00,UTC,8.6
2021,1,27,13:10,UTC,8.4
2021,1,27,13:20,UTC,8.2
2021,1,27,13:30,UTC,7.7
2021,1,27,13:40,UTC,8.7
2021,1,27,13:50,UTC,8.8
2021,1,27,14:00,UTC,8.2
2021,1,27,14:10,UTC,8
2021,1,27,14:20,UTC,8.5
2021,1,27,14:30,UTC,7.7
2021,1,27,14:40,UTC,7.8
2021,1,27,14:50,UTC,7.6
2021,1,27,15:00,UTC,7.3
2021,1,27,15:10,UTC,7
2021,1,27,15:20,UTC,6.8
2021,1,27,15:30,UTC,6.7
2021,1,27,15:40,UTC,6.6
2021,1,27,15:50,UTC,6.8
2021,1,27,16:00,UTC,6.5
2021,1,27,16:10,UTC,7.3
2021,1,27,16:20,UTC,7.2
2021,1,27,16:30,UTC,6.5
2021,1,27,16:40,UTC,5.8
2021,1,27,16:50,UTC,6.4
2021,1,27,17:00,UTC,7.1
2021,1,27,17:10,UTC,6.3
2021,1,27,17:20,UTC,6.1
2021,1,27,17:30,UTC,6.5
2021,1,27,17:40,UTC,5.9
2021,1,27,17:50,UTC,6.7
2021,1,27,18:00,UTC,6.1
2021,1,27,18:10,UTC,6.2
2021,1,27,18:20,UTC,6.6
2021,1,27,18:30,UTC,6.2
2021,1,27,18:40,UTC,6.5
2021,1,27,18:50,UTC,6.2
2021,1,27,19:00,UTC,6.2
2021,1,27,19:10,UTC,6
2021,1,27,19:20,UTC,6.8
2021,1,27,19:30,UTC,6.6
2021,1,27,19:40,UTC,6.2
2021,1,27,19:50,UTC,6.1
2021,1,27,20:00,UTC,6.6
2021,1,27,20:10,UTC,5.5
2021,1,27,20:20,UTC,5.6
2021,1,27,20:30,UTC,5.5
2021,1,27,20:40,UTC,6.5
2021,1,27,20:50,UTC,5.7
2021,1,27,21:00,UTC,5.6
2021,1,27,21:10,UTC,5.1
2021,1,27,21:20,UTC,5.7
2021,1,27,21:30,UTC,6.3
2021,1,27,21:40,UTC,5.9
2021,1,27,21:50,UTC,5.8
2021,1,27,22:00,UTC,5.8
2021,1,27,22:10,UTC,5.9
2021,1,27,22:20,UTC,6
2021,1,27,22:30,UTC,5.3
2021,1,27,22:40,UTC,5.6
2021,1,27,22:50,UTC,6
2021,1,27,23:00,UTC,5.9
2021,1,27,23:10,UTC,6.1
2021,1,27,23:20,UTC,6.5
2021,1,27,23:30,UTC,5.8
2021,1,27,23:40,UTC,5.6
2021,1,27,23:50,UTC,6.1
2021,1,28,00:00,UTC,5.7
2021,1,28,00:10,UTC,5.3
2021,1,28,00:20,UTC,5.4
2021,1,28,00:30,UTC,5.3
2021,1,28,00:40,UTC,4.8
2021,1,28,00:50,UTC,4.8
2021,1,28,01:00,UTC,5
2021,1,28,01:10,UTC,5.4
2021,1,28,01:20,UTC,6.2
2021,1,28,01:30,UTC,5.7
2021,1,28,01:40,UTC,4.5
2021,1,28,01:50,UTC,4.3
2021,1,28,02:00,UTC,4.5
2021,1,28,02:10,UTC,4.2
2021,1,28,02:20,UTC,4.3
2021,1,28,02:30,UTC,4
2021,1,28,02:40,UTC,3.9
2021,1,28,02:50,UTC,3.4
2021,1,28,03:00,UTC,3
2021,1,28,03:10,UTC,2.9
2021,1,28,03:20,UTC,2.4
2021,1,28,03:30,UTC,2.5
2021,1,28,03:40,UTC,2.9
2021,1,28,03:50,UTC,3
2021,1,28,04:00,UTC,1.6
2021,1,28,04:10,UTC,1.6
2021,1,28,04:20,UTC,2.1
2021,1,28,04:30,UTC,2.2
2021,1,28,04:40,UTC,1.6
2021,1,28,04:50,UTC,1.5
2021,1,28,05:00,UTC,1.9
2021,1,28,05:10,UTC,1.9
2021,1,28,05:20,UTC,1.9
2021,1,28,05:30,UTC,1.5
2021,1,28,05:40,UTC,1.8
2021,1,28,05:50,UTC,2.3
2021,1,28,06:00,UTC,2.2
2021,1,28,06:10,UTC,2.2
2021,1,28,06:20,UTC,2
2021,1,28,06:30,UTC,1.6
2021,1,28,06:40,UTC,1.6
2021,1,28,06:50,UTC,1.8
2021,1,28,07:00,UTC,2.3
2021,1,28,07:10,UTC,2.5
2021,1,28,07:20,UTC,2.3
2021,1,28,07:30,UTC,2.9
2021,1,28,07:40,UTC,3.3
2021,1,28,07:50,UTC,3.2
2021,1,28,08:00,UTC,3.4
2021,1,28,08:10,UTC,2.9
2021,1,28,08:20,UTC,2.5
2021,1,28,08:30,UTC,2.3
2021,1,28,08:40,UTC,1.9
2021,1,28,08:50,UTC,2.1
2021,1,28,09:00,UTC,2.1
2021,1,28,09:10,UTC,2.2
2021,1,28,09:20,UTC,2.2
2021,1,28,09:30,UTC,2.4
2021,1,28,09:40,UTC,2
2021,1,28,09:50,UTC,2.3
2021,1,28,10:00,UTC,2.3
2021,1,28,10:10,UTC,2.1
2021,1,28,10:20,UTC,2
2021,1,28,10:30,UTC,2.5
2021,1,28,10:40,UTC,2.6
2021,1,28,10:50,UTC,2.8
2021,1,28,11:00,UTC,2.7
2021,1,28,11:10,UTC,3.1
2021,1,28,11:20,UTC,3.5
2021,1,28,11:30,UTC,3.7
2021,1,28,11:40,UTC,3.2
2021,1,28,11:50,UTC,3.6
2021,1,28,12:00,UTC,3
2021,1,28,12:10,UTC,3.4
2021,1,28,12:20,UTC,3.8
2021,1,28,12:30,UTC,3.8
2021,1,28,12:40,UTC,4.2
2021,1,28,12:50,UTC,4.5
2021,1,28,13:00,UTC,5.3
2021,1,28,13:10,UTC,5
2021,1,28,13:20,UTC,5.3
2021,1,28,13:30,UTC,5
2021,1,28,13:40,UTC,5.1
2021,1,28,13:50,UTC,5.5
2021,1,28,14:00,UTC,6.2
2021,1,28,14:10,UTC,5.9
2021,1,28,14:20,UTC,5.6
2021,1,28,14:30,UTC,5.6
2021,1,28,14:40,UTC,5.8
2021,1,28,14:50,UTC,6.1
2021,1,28,15:00,UTC,6.1
2021,1,28,15:10,UTC,5.8
2021,1,28,15:20,UTC,5.7
2021,1,28,15:30,UTC,5.5
2021,1,28,15:40,UTC,5.7
2021,1,28,15:50,UTC,6.2
2021,1,28,16:00,UTC,6
2021,1,28,16:10,UTC,5.8
2021,1,28,16:20,UTC,5.5
2021,1,28,16:30,UTC,5.8
2021,1,28,16:40,UTC,6.4
2021,1,28,16:50,UTC,6.7
2021,1,28,17:00,UTC,7
2021,1,28,17:10,UTC,6.9
2021,1,28,17:20,UTC,6.2
2021,1,28,17:30,UTC,5.9
2021,1,28,17:40,UTC,6.1
2021,1,28,17:50,UTC,5.7
2021,1,28,18:00,UTC,5.8
2021,1,28,18:10,UTC,5.9
2021,1,28,18:20,UTC,5.8
2021,1,28,18:30,UTC,6
2021,1,28,18:40,UTC,5.8
2021,1,28,18:50,UTC,5
2021,1,28,19:00,UTC,5.2
2021,1,28,19:10,UTC,5.3
2021,1,28,19:20,UTC,5.2
2021,1,28,19:30,UTC,5.2
2021,1,28,19:40,UTC,4.7
2021,1,28,19:50,UTC,4.5
2021,1,28,20:00,UTC,4.9
2021,1,28,20:10,UTC,4.7
2021,1,28,20:20,UTC,5.1
2021,1,28,20:30,UTC,5.3
2021,1,28,20:40,UTC,5.3
2021,1,28,20:50,UTC,5.6
2021,1,28,21:00,UTC,5.6
2021,1,28,21:10,UTC,5.6
2021,1,28,21:20,UTC,6
2021,1,28,21:30,UTC,6.1
2021,1,28,21:40,UTC,5.9
2021,1,28,21:50,UTC,6.1
2021,1,28,22:00,UTC,6.2
2021,1,28,22:10,UTC,6.8
2021,1,28,22:20,UTC,7.2
2021,1,28,22:30,UTC,7
2021,1,28,22:40,UTC,7
2021,1,28,22:50,UTC,6.6
2021,1,28,23:00,UTC,6.4
2021,1,28,23:10,UTC,6.3
2021,1,28,23:20,UTC,5.8
2021,1,28,23:30,UTC,6.4
2021,1,28,23:40,UTC,6.6
2021,1,28,23:50,UTC,6.4
2021,1,29,00:00,UTC,6.6
2021,1,29,00:10,UTC,7.1
2021,1,29,00:20,UTC,6.8
2021,1,29,00:30,UTC,6.2
2021,1,29,00:40,UTC,6.7
2021,1,29,00:50,UTC,7.1
2021,1,29,01:00,UTC,6.7
2021,1,29,01:10,UTC,6.4
2021,1,29,01:20,UTC,6.4
2021,1,29,01:30,UTC,6.9
2021,1,29,01:40,UTC,7.3
2021,1,29,01:50,UTC,7.2
2021,1,29,02:00,UTC,8
2021,1,29,02:10,UTC,7.7
2021,1,29,02:20,UTC,7.8
2021,1,29,02:30,UTC,8.8
2021,1,29,02:40,UTC,9
2021,1,29,02:50,UTC,9
2021,1,29,03:00,UTC,9.1
2021,1,29,03:10,UTC,9.6
2021,1,29,03:20,UTC,10.5
2021,1,29,03:30,UTC,10
2021,1,29,03:40,UTC,9
2021,1,29,03:50,UTC,9.6
2021,1,29,04:00,UTC,9.9
2021,1,29,04:10,UTC,9.9
2021,1,29,04:20,UTC,10.2
2021,1,29,04:30,UTC,10.4
2021,1,29,04:40,UTC,10.7
2021,1,29,04:50,UTC,10.4
2021,1,29,05:00,UTC,10.8
2021,1,29,05:10,UTC,11.1
2021,1,29,05:20,UTC,10
2021,1,29,05:30,UTC,9.9
2021,1,29,05:40,UTC,9
2021,1,29,05:50,UTC,9.4
2021,1,29,06:00,UTC,9
2021,1,29,06:10,UTC,9.3
2021,1,29,06:20,UTC,9.2
2021,1,29,06:30,UTC,9
2021,1,29,06:40,UTC,9.4
2021,1,29,06:50,UTC,9.7
2021,1,29,07:00,UTC,9.3
2021,1,29,07:10,UTC,8.9
2021,1,29,07:20,UTC,9
2021,1,29,07:30,UTC,8.4
2021,1,29,07:40,UTC,8.1
2021,1,29,07:50,UTC,7.8
2021,1,29,08:00,UTC,7
2021,1,29,08:10,UTC,6.7
2021,1,29,08:20,UTC,6.7
2021,1,29,08:30,UTC,6.5
2021,1,29,08:40,UTC,6.5
2021,1,29,08:50,UTC,6.3
2021,1,29,09:00,UTC,6.3
2021,1,29,09:10,UTC,6.6
2021,1,29,09:20,UTC,6.3
2021,1,29,09:30,UTC,6.1
2021,1,29,09:40,UTC,6.2
2021,1,29,09:50,UTC,7.6
2021,1,29,10:00,UTC,6.8
2021,1,29,10:10,UTC,7.4
2021,1,29,10:20,UTC,7.7
2021,1,29,10:30,UTC,8.8
2021,1,29,10:40,UTC,8.7
2021,1,29,10:50,UTC,9.5
2021,1,29,11:00,UTC,9.2
2021,1,29,11:10,UTC,9.5
2021,1,29,11:20,UTC,9.8
2021,1,29,11:30,UTC,9.7
2021,1,29,11:40,UTC,9.8
2021,1,29,11:50,UTC,9
2021,1,29,12:00,UTC,8.4
2021,1,29,12:10,UTC,8.8
2021,1,29,12:20,UTC,9.1
2021,1,29,12:30,UTC,8.8
2021,1,29,12:40,UTC,9
2021,1,29,12:50,UTC,9.3
2021,1,29,13:00,UTC,9
2021,1,29,13:10,UTC,8.7
2021,1,29,13:20,UTC,8.6
2021,1,29,13:30,UTC,8.4
2021,1,29,13:40,UTC,8.3
2021,1,29,13:50,UTC,8.3
2021,1,29,14:00,UTC,8.6
2021,1,29,14:10,UTC,8.2
2021,1,29,14:20,UTC,8.6
2021,1,29,14:30,UTC,8.4
2021,1,29,14:40,UTC,8.6
2021,1,29,14:50,UTC,8.3
2021,1,29,15:00,UTC,8.1
2021,1,29,15:10,UTC,8.3
2021,1,29,15:20,UTC,8
2021,1,29,15:30,UTC,8.3
2021,1,29,15:40,UTC,7.3
2021,1,29,15:50,UTC,8.5
2021,1,29,16:00,UTC,8.6
2021,1,29,16:10,UTC,8.8
2021,1,29,16:20,UTC,8.8
2021,1,29,16:30,UTC,9.3
2021,1,29,16:40,UTC,9.6
2021,1,29,16:50,UTC,10.3
2021,1,29,17:00,UTC,9.9
2021,1,29,17:10,UTC,9.9
2021,1,29,17:20,UTC,10.2
2021,1,29,17:30,UTC,9.9
2021,1,29,17:40,UTC,10.2
2021,1,29,17:50,UTC,10.1
2021,1,29,18:00,UTC,10.1
2021,1,29,18:10,UTC,10.4
2021,1,29,18:20,UTC,11.3
2021,1,29,18:30,UTC,11.7
2021,1,29,18:40,UTC,10.7
2021,1,29,18:50,UTC,10.7
2021,1,29,19:00,UTC,11
2021,1,29,19:10,UTC,11.1
2021,1,29,19:20,UTC,11.7
2021,1,29,19:30,UTC,11.9
2021,1,29,19:40,UTC,11.1
2021,1,29,19:50,UTC,11.9
2021,1,29,20:00,UTC,12.5
2021,1,29,20:10,UTC,12.7
2021,1,29,20:20,UTC,11.9
2021,1,29,20:30,UTC,12
2021,1,29,20:40,UTC,13.1
2021,1,29,20:50,UTC,12.7
2021,1,29,21:00,UTC,12.5
2021,1,29,21:10,UTC,12.9
2021,1,29,21:20,UTC,12.9
2021,1,29,21:30,UTC,11.8
2021,1,29,21:40,UTC,13.9
2021,1,29,21:50,UTC,13.6
2021,1,29,22:00,UTC,13.6
2021,1,29,22:10,UTC,13.5
2021,1,29,22:20,UTC,12.3
2021,1,29,22:30,UTC,12.5
2021,1,29,22:40,UTC,13.3
2021,1,29,22:50,UTC,13.2
2021,1,29,23:00,UTC,12.8
2021,1,29,23:10,UTC,13.7
2021,1,29,23:20,UTC,13.4
2021,1,29,23:30,UTC,12.8
2021,1,29,23:40,UTC,12.9
2021,1,29,23:50,UTC,12.4
2021,1,30,00:00,UTC,12.6
2021,1,30,00:10,UTC,13.1
2021,1,30,00:20,UTC,13.5
2021,1,30,00:30,UTC,12.9
2021,1,30,00:40,UTC,13.3
2021,1,30,00:50,UTC,13.9
2021,1,30,01:00,UTC,14
2021,1,30,01:10,UTC,14.6
2021,1,30,01:20,UTC,14.3
2021,1,30,01:30,UTC,14.7
2021,1,30,01:40,UTC,14.1
2021,1,30,01:50,UTC,13.9
2021,1,30,02:00,UTC,14.1
2021,1,30,02:10,UTC,13.2
2021,1,30,02:20,UTC,14.2
2021,1,30,02:30,UTC,14.2
2021,1,30,02:40,UTC,13.8
2021,1,30,02:50,UTC,12.9
2021,1,30,03:00,UTC,13.9
2021,1,30,03:10,UTC,13.5
2021,1,30,03:20,UTC,13.5
2021,1,30,03:30,UTC,13.3
2021,1,30,03:40,UTC,14
2021,1,30,03:50,UTC,12.8
2021,1,30,04:00,UTC,12.8
2021,1,30,04:10,UTC,12.9
2021,1,30,04:20,UTC,13.1
2021,1,30,04:30,UTC,13.4
2021,1,30,04:40,UTC,12.5
2021,1,30,04:50,UTC,12.7
2021,1,30,05:00,UTC,13.4
2021,1,30,05:10,UTC,13.7
2021,1,30,05:20,UTC,13.2
2021,1,30,05:30,UTC,13.5
2021,1,30,05:40,UTC,12.4
2021,1,30,05:50,UTC,13.4
2021,1,30,06:00,UTC,13.7
2021,1,30,06:10,UTC,13.6
2021,1,30,06:20,UTC,13.2
2021,1,30,06:30,UTC,12.7
2021,1,30,06:40,UTC,13.8
2021,1,30,06:50,UTC,13.6
2021,1,30,07:00,UTC,13.1
2021,1,30,07:10,UTC,12.8
2021,1,30,07:20,UTC,13.2
2021,1,30,07:30,UTC,12.8
2021,1,30,07:40,UTC,12.6
2021,1,30,07:50,UTC,13.6
2021,1,30,08:00,UTC,13.3
2021,1,30,08:10,UTC,13
2021,1,30,08:20,UTC,13.4
2021,1,30,08:30,UTC,13.4
2021,1,30,08:40,UTC,13.4
2021,1,30,08:50,UTC,12.8
2021,1,30,09:00,UTC,13.6
2021,1,30,09:10,UTC,12.2
2021,1,30,09:20,UTC,12.8
2021,1,30,09:30,UTC,13.4
2021,1,30,09:40,UTC,12.5
2021,1,30,09:50,UTC,12.6
2021,1,30,10:00,UTC,12.5
2021,1,30,10:10,UTC,12.6
2021,1,30,10:20,UTC,12.1
2021,1,30,10:30,UTC,13
2021,1,30,10:40,UTC,13.1
2021,1,30,10:50,UTC,12.7
2021,1,30,11:00,UTC,12.4
2021,1,30,11:10,UTC,11.8
2021,1,30,11:20,UTC,11.9
2021,1,30,11:30,UTC,12.1
2021,1,30,11:40,UTC,12.3
2021,1,30,11:50,UTC,11.2
2021,1,30,12:00,UTC,11.7
2021,1,30,12:10,UTC,12.5
2021,1,30,12:20,UTC,12.1
2021,1,30,12:30,UTC,11.5
2021,1,30,12:40,UTC,11.8
2021,1,30,12:50,UTC,12.1
2021,1,30,13:00,UTC,11.6
2021,1,30,13:10,UTC,12.5
2021,1,30,13:20,UTC,11.8
2021,1,30,13:30,UTC,11.9
2021,1,30,13:40,UTC,12.3
2021,1,30,13:50,UTC,12.7
2021,1,30,14:00,UTC,12.1
2021,1,30,14:10,UTC,11.2
2021,1,30,14:20,UTC,12.1
2021,1,30,14:30,UTC,11.2
2021,1,30,14:40,UTC,12.4
2021,1,30,14:50,UTC,12
2021,1,30,15:00,UTC,11.7
2021,1,30,15:10,UTC,12.1
2021,1,30,15:20,UTC,11.6
2021,1,30,15:30,UTC,11.4
2021,1,30,15:40,UTC,11.8
2021,1,30,15:50,UTC,11.6
2021,1,30,16:00,UTC,11.7
2021,1,30,16:10,UTC,11.5
2021,1,30,16:20,UTC,10.8
2021,1,30,16:30,UTC,10.9
2021,1,30,16:40,UTC,12
2021,1,30,16:50,UTC,10.4
2021,1,30,17:00,UTC,10.9
2021,1,30,17:10,UTC,10.4
2021,1,30,17:20,UTC,10.2
2021,1,30,17:30,UTC,9.7
2021,1,30,17:40,UTC,9.5
2021,1,30,17:50,UTC,9.9
2021,1,30,18:00,UTC,9.7
2021,1,30,18:10,UTC,10.2
2021,1,30,18:20,UTC,9.2
2021,1,30,18:30,UTC,9.9
2021,1,30,18:40,UTC,9.1
2021,1,30,18:50,UTC,8.9
2021,1,30,19:00,UTC,9.3
2021,1,30,19:10,UTC,8.9
2021,1,30,19:20,UTC,9.2
2021,1,30,19:30,UTC,9.5
2021,1,30,19:40,UTC,9.8
2021,1,30,19:50,UTC,9.5
2021,1,30,20:00,UTC,9.3
2021,1,30,20:10,UTC,7.6
2021,1,30,20:20,UTC,7.7
2021,1,30,20:30,UTC,7.5
2021,1,30,20:40,UTC,9.2
2021,1,30,20:50,UTC,9.2
2021,1,30,21:00,UTC,9.3
2021,1,30,21:10,UTC,9.3
2021,1,30,21:20,UTC,9
2021,1,30,21:30,UTC,9.4
2021,1,30,21:40,UTC,9.4
2021,1,30,21:50,UTC,9.2
2021,1,30,22:00,UTC,9.8
2021,1,30,22:10,UTC,10.6
2021,1,30,22:20,UTC,9.2
2021,1,30,22:30,UTC,9.2
2021,1,30,22:40,UTC,9.8
2021,1,30,22:50,UTC,10.4
2021,1,30,23:00,UTC,10.4
2021,1,30,23:10,UTC,9.9
2021,1,30,23:20,UTC,9.9
2021,1,30,23:30,UTC,9.8
2021,1,30,23:40,UTC,10.7
2021,1,30,23:50,UTC,9.8
2021,1,31,00:00,UTC,10.3
2021,1,31,00:10,UTC,10.2
2021,1,31,00:20,UTC,10.1
2021,1,31,00:30,UTC,10.3
2021,1,31,00:40,UTC,9.4
2021,1,31,00:50,UTC,10.6
2021,1,31,01:00,UTC,10
2021,1,31,01:10,UTC,9.7
2021,1,31,01:20,UTC,8.6
2021,1,31,01:30,UTC,6.6
2021,1,31,01:40,UTC,6.4
2021,1,31,01:50,UTC,6.3
2021,1,31,02:00,UTC,5.9
2021,1,31,02:10,UTC,5.9
2021,1,31,02:20,UTC,5.7
2021,1,31,02:30,UTC,6
2021,1,31,02:40,UTC,5.5
2021,1,31,02:50,UTC,5.3
2021,1,31,03:00,UTC,5.9
2021,1,31,03:10,UTC,5.5
2021,1,31,03:20,UTC,5.3
2021,1,31,03:30,UTC,4.8
2021,1,31,03:40,UTC,4.8
2021,1,31,03:50,UTC,4.6
2021,1,31,04:00,UTC,4.4
2021,1,31,04:10,UTC,4.6
2021,1,31,04:20,UTC,4.3
2021,1,31,04:30,UTC,4.5
2021,1,31,04:40,UTC,4.3
2021,1,31,04:50,UTC,4.1
2021,1,31,05:00,UTC,3.7
2021,1,31,05:10,UTC,4
2021,1,31,05:20,UTC,4
2021,1,31,05:30,UTC,3.5
2021,1,31,05:40,UTC,3.7
2021,1,31,05:50,UTC,3.5
2021,1,31,06:00,UTC,3
2021,1,31,06:10,UTC,3.5
2021,1,31,06:20,UTC,4
2021,1,31,06:30,UTC,3.9
2021,1,31,06:40,UTC,3.9
2021,1,31,06:50,UTC,3.3
2021,1,31,07:00,UTC,2.7
2021,1,31,07:10,UTC,2.1
2021,1,31,07:20,UTC,2.4
2021,1,31,07:30,UTC,2.4
2021,1,31,07:40,UTC,2.2
2021,1,31,07:50,UTC,2.1
2021,1,31,08:00,UTC,2.2
2021,1,31,08:10,UTC,1.8
2021,1,31,08:20,UTC,2
2021,1,31,08:30,UTC,2.1
2021,1,31,08:40,UTC,2.1
2021,1,31,08:50,UTC,2.3
2021,1,31,09:00,UTC,1.8
2021,1,31,09:10,UTC,2.8
2021,1,31,09:20,UTC,2.7
2021,1,31,09:30,UTC,3
2021,1,31,09:40,UTC,3.6
2021,1,31,09:50,UTC,3.3
2021,1,31,10:00,UTC,3.1
2021,1,31,10:10,UTC,3
2021,1,31,10:20,UTC,3
2021,1,31,10:30,UTC,3.2
2021,1,31,10:40,UTC,3.3
2021,1,31,10:50,UTC,3.1
2021,1,31,11:00,UTC,3.4
2021,1,31,11:10,UTC,3.5
2021,1,31,11:20,UTC,3.3
2021,1,31,11:30,UTC,3.4
2021,1,31,11:40,UTC,3.2
2021,1,31,11:50,UTC,3.3
2021,1,31,12:00,UTC,2.9
2021,1,31,12:10,UTC,2.9
2021,1,31,12:20,UTC,3
2021,1,31,12:30,UTC,3
2021,1,31,12:40,UTC,3
2021,1,31,12:50,UTC,2.8
2021,1,31,13:00,UTC,3
2021,1,31,13:10,UTC,3
2021,1,31,13:20,UTC,3.4
2021,1,31,13:30,UTC,3.4
2021,1,31,13:40,UTC,3.1
2021,1,31,13:50,UTC,2.6
2021,1,31,14:00,UTC,0.8
2021,1,31,14:10,UTC,2.4
2021,1,31,14:20,UTC,1.1
2021,1,31,14:30,UTC,1.5
2021,1,31,14:40,UTC,1.8
2021,1,31,14:50,UTC,3.7
2021,1,31,15:00,UTC,5.4
2021,1,31,15:10,UTC,4.9
2021,1,31,15:20,UTC,3.9
2021,1,31,15:30,UTC,4.4
2021,1,31,15:40,UTC,5.3
2021,1,31,15:50,UTC,5.2
2021,1,31,16:00,UTC,5.2
2021,1,31,16:10,UTC,5.8
2021,1,31,16:20,UTC,5.7
2021,1,31,16:30,UTC,5.4
2021,1,31,16:40,UTC,5.3
2021,1,31,16:50,UTC,4.5
2021,1,31,17:00,UTC,5.9
2021,1,31,17:10,UTC,6.7
2021,1,31,17:20,UTC,5
2021,1,31,17:30,UTC,3.9
2021,1,31,17:40,UTC,3.9
2021,1,31,17:50,UTC,3.6
2021,1,31,18:00,UTC,3
2021,1,31,18:10,UTC,2.3
2021,1,31,18:20,UTC,2.4
2021,1,31,18:30,UTC,1.9
2021,1,31,18:40,UTC,1.1
2021,1,31,18:50,UTC,1.6
2021,1,31,19:00,UTC,2.2
2021,1,31,19:10,UTC,2.5
2021,1,31,19:20,UTC,1.8
2021,1,31,19:30,UTC,0.8
2021,1,31,19:40,UTC,0.9
2021,1,31,19:50,UTC,0.8
2021,1,31,20:00,UTC,0.5
2021,1,31,20:10,UTC,0
2021,1,31,20:20,UTC,0
2021,1,31,20:30,UTC,1
2021,1,31,20:40,UTC,0.7
2021,1,31,20:50,UTC,0.9
2021,1,31,21:00,UTC,2.4
2021,1,31,21:10,UTC,3.1
2021,1,31,21:20,UTC,3.8
2021,1,31,21:30,UTC,4.4
2021,1,31,21:40,UTC,5.5
2021,1,31,21:50,UTC,4.2
2021,1,31,22:00,UTC,3.4
2021,1,31,22:10,UTC,4.1
2021,1,31,22:20,UTC,5.8
2021,1,31,22:30,UTC,6
2021,1,31,22:40,UTC,5.5
2021,1,31,22:50,UTC,5.7
2021,1,31,23:00,UTC,5.3
2021,1,31,23:10,UTC,5
2021,1,31,23:20,UTC,6.3
2021,1,31,23:30,UTC,6.2
2021,1,31,23:40,UTC,5.6
2021,1,31,23:50,UTC,5.5
2021,2,1,00:00,UTC,4.3
2021,2,1,00:10,UTC,6
2021,2,1,00:20,UTC,6.6
2021,2,1,00:30,UTC,5.3
2021,2,1,00:40,UTC,4.9
2021,2,1,00:50,UTC,5.1
2021,2,1,01:00,UTC,3.5
2021,2,1,01:10,UTC,3.5
2021,2,1,01:20,UTC,4.9
2021,2,1,01:30,UTC,4.9
2021,2,1,01:40,UTC,4.7
2021,2,1,01:50,UTC,3.9
2021,2,1,02:00,UTC,5
2021,2,1,02:10,UTC,4.6
2021,2,1,02:20,UTC,4.1
2021,2,1,02:30,UTC,6.3
2021,2,1,02:40,UTC,6.3
2021,2,1,02:50,UTC,7
2021,2,1,03:00,UTC,6.8
2021,2,1,03:10,UTC,5
2021,2,1,03:20,UTC,6.2
2021,2,1,03:30,UTC,6.2
2021,2,1,03:40,UTC,5.2
2021,2,1,03:50,UTC,3.4
2021,2,1,04:00,UTC,2
2021,2,1,04:10,UTC,3.7
2021,2,1,04:20,UTC,5.3
2021,2,1,04:30,UTC,7.4
2021,2,1,04:40,UTC,8.7
2021,2,1,04:50,UTC,8.7
2021,2,1,05:00,UTC,8.3
2021,2,1,05:10,UTC,6.7
2021,2,1,05:20,UTC,6.5
2021,2,1,05:30,UTC,6.7
2021,2,1,05:40,UTC,7.3
2021,2,1,05:50,UTC,7.4
2021,2,1,06:00,UTC,7.9
2021,2,1,06:10,UTC,6.9
2021,2,1,06:20,UTC,7.2
2021,2,1,06:30,UTC,7
2021,2,1,06:40,UTC,6.8
2021,2,1,06:50,UTC,6.4
2021,2,1,07:00,UTC,6.5
2021,2,1,07:10,UTC,6.5
2021,2,1,07:20,UTC,6.2
2021,2,1,07:30,UTC,6.1
2021,2,1,07:40,UTC,6.8
2021,2,1,07:50,UTC,6.9
2021,2,1,08:00,UTC,6.8
2021,2,1,08:10,UTC,6.7
2021,2,1,08:20,UTC,6.6
2021,2,1,08:30,UTC,7.5
2021,2,1,08:40,UTC,6.8
2021,2,1,08:50,UTC,7
2021,2,1,09:00,UTC,7.8
2021,2,1,09:10,UTC,6.7
2021,2,1,09:20,UTC,6.1
2021,2,1,09:30,UTC,7.6
2021,2,1,09:40,UTC,7
2021,2,1,09:50,UTC,6.2
2021,2,1,10:00,UTC,6
2021,2,1,10:10,UTC,5.7
2021,2,1,10:20,UTC,7.8
2021,2,1,10:30,UTC,5.8
2021,2,1,10:40,UTC,7.5
2021,2,1,10:50,UTC,7
2021,2,1,11:00,UTC,8.1
2021,2,1,11:10,UTC,8.2
2021,2,1,11:20,UTC,8.6
2021,2,1,11:30,UTC,8.1
2021,2,1,11:40,UTC,7.9
2021,2,1,11:50,UTC,7.8
2021,2,1,12:00,UTC,7.8
2021,2,1,12:10,UTC,8.3
2021,2,1,12:20,UTC,7.5
2021,2,1,12:30,UTC,6.7
2021,2,1,12:40,UTC,6.8
2021,2,1,12:50,UTC,8
2021,2,1,13:00,UTC,8.6
2021,2,1,13:10,UTC,6.9
2021,2,1,13:20,UTC,8.1
2021,2,1,13:30,UTC,8.2
2021,2,1,13:40,UTC,7.7
2021,2,1,13:50,UTC,8.1
2021,2,1,14:00,UTC,7.8
2021,2,1,14:10,UTC,7.1
2021,2,1,14:20,UTC,7.2
2021,2,1,14:30,UTC,7.7
2021,2,1,14:40,UTC,7.1
2021,2,1,14:50,UTC,6.7
2021,2,1,15:00,UTC,7.7
2021,2,1,15:10,UTC,6.5
2021,2,1,15:20,UTC,6.5
2021,2,1,15:30,UTC,7.3
2021,2,1,15:40,UTC,6.9
2021,2,1,15:50,UTC,6.5
2021,2,1,16:00,UTC,6.3
2021,2,1,16:10,UTC,6
2021,2,1,16:20,UTC,6.2
2021,2,1,16:30,UTC,5.9
2021,2,1,16:40,UTC,6.1
2021,2,1,16:50,UTC,5.9
2021,2,1,17:00,UTC,5.8
2021,2,1,17:10,UTC,6.1
2021,2,1,17:20,UTC,6.5
2021,2,1,17:30,UTC,6.1
2021,2,1,17:40,UTC,5.6
2021,2,1,17:50,UTC,5.5
2021,2,1,18:00,UTC,4.6
2021,2,1,18:10,UTC,5.3
2021,2,1,18:20,UTC,5.8
2021,2,1,18:30,UTC,4.9
2021,2,1,18:40,UTC,5.5
2021,2,1,18:50,UTC,5.2
2021,2,1,19:00,UTC,4.7
2021,2,1,19:10,UTC,5.6
2021,2,1,19:20,UTC,4.1
2021,2,1,19:30,UTC,5.1
2021,2,1,19:40,UTC,5
2021,2,1,19:50,UTC,5.2
2021,2,1,20:00,UTC,4.5
2021,2,1,20:10,UTC,4.6
2021,2,1,20:20,UTC,4.5
2021,2,1,20:30,UTC,4.9
2021,2,1,20:40,UTC,3.4
2021,2,1,20:50,UTC,3.5
2021,2,1,21:00,UTC,4.5
2021,2,1,21:10,UTC,4.1
2021,2,1,21:20,UTC,4.4
2021,2,1,21:30,UTC,4.6
2021,2,1,21:40,UTC,4.7
2021,2,1,21:50,UTC,4.6
2021,2,1,22:00,UTC,3.3
2021,2,1,22:10,UTC,4.9
2021,2,1,22:20,UTC,5
2021,2,1,22:30,UTC,4
2021,2,1,22:40,UTC,4.1
2021,2,1,22:50,UTC,4.7
2021,2,1,23:00,UTC,4.1
2021,2,1,23:10,UTC,3.3
2021,2,1,23:20,UTC,4.2
2021,2,1,23:30,UTC,4
2021,2,1,23:40,UTC,4.3
2021,2,1,23:50,UTC,3.4
2021,2,2,00:00,UTC,2.5
2021,2,2,00:10,UTC,2.8
2021,2,2,00:20,UTC,3.9
2021,2,2,00:30,UTC,4.2
2021,2,2,00:40,UTC,3.9
2021,2,2,00:50,UTC,4.4
2021,2,2,01:00,UTC,2.7
2021,2,2,01:10,UTC,2.6
2021,2,2,01:20,UTC,2.7
2021,2,2,01:30,UTC,3.5
2021,2,2,01:40,UTC,3.9
2021,2,2,01:50,UTC,2.8
2021,2,2,02:00,UTC,2.5
2021,2,2,02:10,UTC,2.5
2021,2,2,02:20,UTC,3.9
2021,2,2,02:30,UTC,3.8
2021,2,2,02:40,UTC,3.4
2021,2,2,02:50,UTC,3.6
2021,2,2,03:00,UTC,3.6
2021,2,2,03:10,UTC,2.8
2021,2,2,03:20,UTC,2.3
2021,2,2,03:30,UTC,2.3
2021,2,2,03:40,UTC,2.3
2021,2,2,03:50,UTC,2.8
2021,2,2,04:00,UTC,2.8
2021,2,2,04:10,UTC,3
2021,2,2,04:20,UTC,2.3
2021,2,2,04:30,UTC,1.7
2021,2,2,04:40,UTC,1.8
2021,2,2,04:50,UTC,1.6
2021,2,2,05:00,UTC,0.7
2021,2,2,05:10,UTC,1.4
2021,2,2,05:20,UTC,2
2021,2,2,05:30,UTC,1.1
2021,2,2,05:40,UTC,1.2
2021,2,2,05:50,UTC,1.6
2021,2,2,06:00,UTC,2
2021,2,2,06:10,UTC,2.5
2021,2,2,06:20,UTC,3
2021,2,2,06:30,UTC,2.2
2021,2,2,06:40,UTC,2.9
2021,2,2,06:50,UTC,3.5
2021,2,2,07:00,UTC,3.3
2021,2,2,07:10,UTC,3.1
2021,2,2,07:20,UTC,3
2021,2,2,07:30,UTC,3
2021,2,2,07:40,UTC,2.3
2021,2,2,07:50,UTC,2.2
2021,2,2,08:00,UTC,3.2
2021,2,2,08:10,UTC,3.4
2021,2,2,08:20,UTC,3.9
2021,2,2,08:30,UTC,4.2
2021,2,2,08:40,UTC,4.3
2021,2,2,08:50,UTC,4.7
2021,2,2,09:00,UTC,4.5
2021,2,2,09:10,UTC,5.2
2021,2,2,09:20,UTC,5.2
2021,2,2,09:30,UTC,5.4
2021,2,2,09:40,UTC,5.3
2021,2,2,09:50,UTC,5.4
2021,2,2,10:00,UTC,5.8
2021,2,2,10:10,UTC,5.8
2021,2,2,10:20,UTC,5.8
2021,2,2,10:30,UTC,6.1
2021,2,2,10:40,UTC,6.6
2021,2,2,10:50,UTC,6.7
2021,2,2,11:00,UTC,6.8
2021,2,2,11:10,UTC,6.4
2021,2,2,11:20,UTC,6.4
2021,2,2,11:30,UTC,6.6
2021,2,2,11:40,UTC,6.1
2021,2,2,11:50,UTC,6.6
2021,2,2,12:00,UTC,6.6
2021,2,2,12:10,UTC,6.8
2021,2,2,12:20,UTC,6.7
2021,2,2,12:30,UTC,6.8
2021,2,2,12:40,UTC,7
2021,2,2,12:50,UTC,7.4
2021,2,2,13:00,UTC,7.6
2021,2,2,13:10,UTC,7.4
2021,2,2,13:20,UTC,7.8
2021,2,2,13:30,UTC,8.2
2021,2,2,13:40,UTC,8.4
2021,2,2,13:50,UTC,8.4
2021,2,2,14:00,UTC,8.3
2021,2,2,14:10,UTC,8.8
2021,2,2,14:20,UTC,8.9
2021,2,2,14:30,UTC,8.3
2021,2,2,14:40,UTC,8
2021,2,2,14:50,UTC,8
2021,2,2,15:00,UTC,8.1
2021,2,2,15:10,UTC,7.7
2021,2,2,15:20,UTC,8
2021,2,2,15:30,UTC,8
2021,2,2,15:40,UTC,8.4
2021,2,2,15:50,UTC,8.6
2021,2,2,16:00,UTC,8.6
2021,2,2,16:10,UTC,8.8
2021,2,2,16:20,UTC,8.8
2021,2,2,16:30,UTC,9
2021,2,2,16:40,UTC,8.9
2021,2,2,16:50,UTC,8.8
2021,2,2,17:00,UTC,8.9
2021,2,2,17:10,UTC,9
2021,2,2,17:20,UTC,9.2
2021,2,2,17:30,UTC,9.1
2021,2,2,17:40,UTC,9.1
2021,2,2,17:50,UTC,8.6
2021,2,2,18:00,UTC,8.6
2021,2,2,18:10,UTC,8.6
2021,2,2,18:20,UTC,8.7
2021,2,2,18:30,UTC,8.4
2021,2,2,18:40,UTC,8.5
2021,2,2,18:50,UTC,8.4
2021,2,2,19:00,UTC,8.1
2021,2,2,19:10,UTC,8.1
2021,2,2,19:20,UTC,8.2
2021,2,2,19:30,UTC,8
2021,2,2,19:40,UTC,8
2021,2,2,19:50,UTC,7.8
2021,2,2,20:00,UTC,7.4
2021,2,2,20:10,UTC,7.3
2021,2,2,20:20,UTC,7.1
2021,2,2,20:30,UTC,7
2021,2,2,20:40,UTC,6.9
2021,2,2,20:50,UTC,6.8
2021,2,2,21:00,UTC,6.7
2021,2,2,21:10,UTC,6.6
2021,2,2,21:20,UTC,6.5
2021,2,2,21:30,UTC,6.4
2021,2,2,21:40,UTC,6.2
2021,2,2,21:50,UTC,6.2
2021,2,2,22:00,UTC,6.2
2021,2,2,22:10,UTC,6.2
2021,2,2,22:20,UTC,6
2021,2,2,22:30,UTC,6
2021,2,2,22:40,UTC,5.7
2021,2,2,22:50,UTC,5.6
2021,2,2,23:00,UTC,5.8
2021,2,2,23:10,UTC,5.5
2021,2,2,23:20,UTC,5.6
2021,2,2,23:30,UTC,6
2021,2,2,23:40,UTC,5.7
2021,2,2,23:50,UTC,5.9
2021,2,3,00:00,UTC,5.5
2021,2,3,00:10,UTC,5.6
2021,2,3,00:20,UTC,5.8
2021,2,3,00:30,UTC,6
2021,2,3,00:40,UTC,5.7
2021,2,3,00:50,UTC,6.4
2021,2,3,01:00,UTC,6.7
2021,2,3,01:10,UTC,6.6
2021,2,3,01:20,UTC,6.4
2021,2,3,01:30,UTC,6
2021,2,3,01:40,UTC,6
2021,2,3,01:50,UTC,6.1
2021,2,3,02:00,UTC,6.3
2021,2,3,02:10,UTC,6.8
2021,2,3,02:20,UTC,6.8
2021,2,3,02:30,UTC,6.1
2021,2,3,02:40,UTC,6.6
2021,2,3,02:50,UTC,6.5
2021,2,3,03:00,UTC,6.3
2021,2,3,03:10,UTC,6.3
2021,2,3,03:20,UTC,6.3
2021,2,3,03:30,UTC,6
2021,2,3,03:40,UTC,5.8
2021,2,3,03:50,UTC,6
2021,2,3,04:00,UTC,6.3
2021,2,3,04:10,UTC,6.7
2021,2,3,04:20,UTC,6.6
2021,2,3,04:30,UTC,7
2021,2,3,04:40,UTC,7.2
2021,2,3,04:50,UTC,7.4
2021,2,3,05:00,UTC,7.6
2021,2,3,05:10,UTC,7.3
2021,2,3,05:20,UTC,6.8
2021,2,3,05:30,UTC,6.8
2021,2,3,05:40,UTC,6.3
2021,2,3,05:50,UTC,6.8
2021,2,3,06:00,UTC,7.1
2021,2,3,06:10,UTC,7
2021,2,3,06:20,UTC,6.9
2021,2,3,06:30,UTC,6.7
2021,2,3,06:40,UTC,6
2021,2,3,06:50,UTC,6.2
2021,2,3,07:00,UTC,6.4
2021,2,3,07:10,UTC,6.6
2021,2,3,07:20,UTC,6.8
2021,2,3,07:30,UTC,6.8
2021,2,3,07:40,UTC,7.3
2021,2,3,07:50,UTC,7.3
2021,2,3,08:00,UTC,8
2021,2,3,08:10,UTC,7.9
2021,2,3,08:20,UTC,6.6
2021,2,3,08:30,UTC,6.5
2021,2,3,08:40,UTC,6.4
2021,2,3,08:50,UTC,6.3
2021,2,3,09:00,UTC,7.2
2021,2,3,09:10,UTC,6.8
2021,2,3,09:20,UTC,7.4
2021,2,3,09:30,UTC,7
2021,2,3,09:40,UTC,7.1
2021,2,3,09:50,UTC,7.2
2021,2,3,10:00,UTC,7
2021,2,3,10:10,UTC,7.8
2021,2,3,10:20,UTC,7.7
2021,2,3,10:30,UTC,7.6
2021,2,3,10:40,UTC,7.5
2021,2,3,10:50,UTC,7.6
2021,2,3,11:00,UTC,7.3
2021,2,3,11:10,UTC,7.3
2021,2,3,11:20,UTC,8.4
2021,2,3,11:30,UTC,8.4
2021,2,3,11:40,UTC,8.1
2021,2,3,11:50,UTC,8.1
2021,2,3,12:00,UTC,7.6
2021,2,3,12:10,UTC,7.8
2021,2,3,12:20,UTC,8.4
2021,2,3,12:30,UTC,8.8
2021,2,3,12:40,UTC,8.2
2021,2,3,12:50,UTC,8.1
2021,2,3,13:00,UTC,8.1
2021,2,3,13:10,UTC,7.8
2021,2,3,13:20,UTC,7.8
2021,2,3,13:30,UTC,7.5
2021,2,3,13:40,UTC,7.2
2021,2,3,13:50,UTC,6.9
2021,2,3,14:00,UTC,6.8
2021,2,3,14:10,UTC,7.1
2021,2,3,14:20,UTC,7.6
2021,2,3,14:30,UTC,7.6
2021,2,3,14:40,UTC,7.8
2021,2,3,14:50,UTC,7.8
2021,2,3,15:00,UTC,7.4
2021,2,3,15:10,UTC,8.2
2021,2,3,15:20,UTC,8.6
2021,2,3,15:30,UTC,8.4
2021,2,3,15:40,UTC,7.8
2021,2,3,15:50,UTC,7.3
2021,2,3,16:00,UTC,7.6
2021,2,3,16:10,UTC,7.6
2021,2,3,16:20,UTC,8.3
2021,2,3,16:30,UTC,9
2021,2,3,16:40,UTC,8.8
2021,2,3,16:50,UTC,9.2
2021,2,3,17:00,UTC,8.6
2021,2,3,17:10,UTC,9.9
2021,2,3,17:20,UTC,9.7
2021,2,3,17:30,UTC,9.7
2021,2,3,17:40,UTC,10.1
2021,2,3,17:50,UTC,10.4
2021,2,3,18:00,UTC,10
2021,2,3,18:10,UTC,10.8
2021,2,3,18:20,UTC,10.6
2021,2,3,18:30,UTC,10.3
2021,2,3,18:40,UTC,9.8
2021,2,3,18:50,UTC,9.8
2021,2,3,19:00,UTC,9.9
2021,2,3,19:10,UTC,10.1
2021,2,3,19:20,UTC,10.2
2021,2,3,19:30,UTC,10.3
2021,2,3,19:40,UTC,11
2021,2,3,19:50,UTC,10.6
2021,2,3,20:00,UTC,10.6
2021,2,3,20:10,UTC,10.7
2021,2,3,20:20,UTC,10.6
2021,2,3,20:30,UTC,11.3
2021,2,3,20:40,UTC,11
2021,2,3,20:50,UTC,10.7
2021,2,3,21:00,UTC,10.2
2021,2,3,21:10,UTC,9.6
2021,2,3,21:20,UTC,8.9
2021,2,3,21:30,UTC,8.3
2021,2,3,21:40,UTC,9.3
2021,2,3,21:50,UTC,9.6
2021,2,3,22:00,UTC,9.9
2021,2,3,22:10,UTC,8.9
2021,2,3,22:20,UTC,9.1
2021,2,3,22:30,UTC,10.1
2021,2,3,22:40,UTC,9.3
2021,2,3,22:50,UTC,9.1
2021,2,3,23:00,UTC,8.8
2021,2,3,23:10,UTC,8.4
2021,2,3,23:20,UTC,8.1
2021,2,3,23:30,UTC,8.4
2021,2,3,23:40,UTC,8.9
2021,2,3,23:50,UTC,8.8
2021,2,4,00:00,UTC,9.5
2021,2,4,00:10,UTC,10.9
2021,2,4,00:20,UTC,11.9
2021,2,4,00:30,UTC,12.6
2021,2,4,00:40,UTC,12.3
2021,2,4,00:50,UTC,12.1
2021,2,4,01:00,UTC,11.6
2021,2,4,01:10,UTC,11.4
2021,2,4,01:20,UTC,12
2021,2,4,01:30,UTC,11.7
2021,2,4,01:40,UTC,11.9
2021,2,4,01:50,UTC,11.7
2021,2,4,02:00,UTC,12.5
2021,2,4,02:10,UTC,12.4
2021,2,4,02:20,UTC,11.9
2021,2,4,02:30,UTC,12
2021,2,4,02:40,UTC,11.9
2021,2,4,02:50,UTC,11.6
2021,2,4,03:00,UTC,11.3
2021,2,4,03:10,UTC,11.4
2021,2,4,03:20,UTC,10.4
2021,2,4,03:30,UTC,10.4
2021,2,4,03:40,UTC,10.7
2021,2,4,03:50,UTC,10.4
2021,2,4,04:00,UTC,10
2021,2,4,04:10,UTC,10.4
2021,2,4,04:20,UTC,10.6
2021,2,4,04:30,UTC,10.1
2021,2,4,04:40,UTC,9.8
2021,2,4,04:50,UTC,9.7
2021,2,4,05:00,UTC,9.6
2021,2,4,05:10,UTC,9.9
2021,2,4,05:20,UTC,9.4
2021,2,4,05:30,UTC,8.9
2021,2,4,05:40,UTC,9.9
2021,2,4,05:50,UTC,9.9
2021,2,4,06:00,UTC,10.1
2021,2,4,06:10,UTC,10.4
2021,2,4,06:20,UTC,10.9
2021,2,4,06:30,UTC,9.7
2021,2,4,06:40,UTC,11
2021,2,4,06:50,UTC,11
2021,2,4,07:00,UTC,10.9
2021,2,4,07:10,UTC,10.3
2021,2,4,07:20,UTC,9.5
2021,2,4,07:30,UTC,9
2021,2,4,07:40,UTC,8.9
2021,2,4,07:50,UTC,8.6
2021,2,4,08:00,UTC,9
2021,2,4,08:10,UTC,8.6
2021,2,4,08:20,UTC,8.7
2021,2,4,08:30,UTC,7.2
2021,2,4,08:40,UTC,6.1
2021,2,4,08:50,UTC,5.7
2021,2,4,09:00,UTC,5.8
2021,2,4,09:10,UTC,5.2
2021,2,4,09:20,UTC,4.9
2021,2,4,09:30,UTC,5.1
2021,2,4,09:40,UTC,4.7
2021,2,4,09:50,UTC,4
2021,2,4,10:00,UTC,4.3
2021,2,4,10:10,UTC,4.6
2021,2,4,10:20,UTC,4.7
2021,2,4,10:30,UTC,4.2
2021,2,4,10:40,UTC,5
2021,2,4,10:50,UTC,4.7
2021,2,4,11:00,UTC,3.4
2021,2,4,11:10,UTC,3.1
2021,2,4,11:20,UTC,2.8
2021,2,4,11:30,UTC,2.9
2021,2,4,11:40,UTC,3.9
2021,2,4,11:50,UTC,3.7
2021,2,4,12:00,UTC,3
2021,2,4,12:10,UTC,3.1
2021,2,4,12:20,UTC,3.4
2021,2,4,12:30,UTC,3.8
2021,2,4,12:40,UTC,3.7
2021,2,4,12:50,UTC,4.4
2021,2,4,13:00,UTC,8
2021,2,4,13:10,UTC,9.4
2021,2,4,13:20,UTC,7.9
2021,2,4,13:30,UTC,7.8
2021,2,4,13:40,UTC,8.4
2021,2,4,13:50,UTC,8.2
2021,2,4,14:00,UTC,8.6
2021,2,4,14:10,UTC,8
2021,2,4,14:20,UTC,6.7
2021,2,4,14:30,UTC,5.7
2021,2,4,14:40,UTC,5.3
2021,2,4,14:50,UTC,4.4
2021,2,4,15:00,UTC,5.5
2021,2,4,15:10,UTC,7.5
2021,2,4,15:20,UTC,6
2021,2,4,15:30,UTC,5.3
2021,2,4,15:40,UTC,5.1
2021,2,4,15:50,UTC,7.1
2021,2,4,16:00,UTC,9.5
2021,2,4,16:10,UTC,9.3
2021,2,4,16:20,UTC,8.6
2021,2,4,16:30,UTC,8.9
2021,2,4,16:40,UTC,10.4
2021,2,4,16:50,UTC,9.5
2021,2,4,17:00,UTC,10.2
2021,2,4,17:10,UTC,10.4
